translated_location,profil_negara,measure_name,year,gdp_per_capita,pop_density,val,prediction,cluster_risiko
Slovakia,Risiko Rendah,Meninggal,2023,39518.223,114.76824,0.4977934939705737,164.3820209933883,Rendah
Mongolia,Risiko Rendah,Meninggal,2023,16222.864,2.2034814,9.722920240580168,197.58583064504674,Rendah
Slovenia,Risiko Sedang,Meninggal,2023,47977.426,105.20222,0.47836154145985776,577.856376558099,Sedang
Norway,Risiko Sedang,Meninggal,2023,90085.44,15.151308,0.6778522076985884,342.9051257083576,Sedang
Ghana,Risiko Rendah,Meninggal,2023,6808.5376,148.49677,24.750285795928747,329.7204294827942,Sedang
Niue,Risiko Rendah,Meninggal,2023,15136.696,7.080769,6.080202990070768,192.31619890569985,Rendah
Portugal,Risiko Rendah,Meninggal,2023,41768.254,113.86569,1.9105668867625019,402.3072519250012,Sedang
Kamboja,Risiko Rendah,Meninggal,2023,15136.696,102.52181,27.995147345489308,324.3637984972367,Sedang
Barbados,Risiko Sedang,Meninggal,2023,21318.672,656.6209,0.4321803639383844,184.05728460070804,Rendah
Kolumbia,Risiko Rendah,Meninggal,2023,15136.696,102.52181,2.5959954762591244,149.80186060317837,Rendah
Bulgaria,Risiko Rendah,Meninggal,2023,33073.816,62.59953,0.6218538417108019,212.7731022011154,Rendah
Afganistan,Risiko Rendah,Meninggal,2023,15136.696,102.52181,12.947911665665341,210.24545711416263,Rendah
Sudan,Risiko Rendah,Meninggal,2023,2181.079,26.789507,3.875060490455781,294.4529190398555,Sedang
Kosta Rika,Risiko Rendah,Meninggal,2023,15136.696,102.52181,0.8574239091951243,154.61526499799672,Rendah
Belize,Risiko Rendah,Meninggal,2023,12371.009,18.023323,2.2767064959163803,210.91392061369044,Rendah
Kroasia,Risiko Rendah,Meninggal,2023,15136.696,102.52181,0.8873199482241474,176.82122632668737,Rendah
Indonesia,Risiko Rendah,Meninggal,2023,13889.975,148.57692,24.97067255745465,244.4646281830741,Rendah
Bangladesh,Risiko Sedang,Meninggal,2023,8242.398,1317.2543,10.057300600979781,478.6405578802724,Sedang
Eritrea,Risiko Rendah,Meninggal,2023,15136.696,28.671242,51.61236100077912,409.25569006895597,Sedang
Pulau Solomon,Risiko Rendah,Meninggal,2023,15136.696,102.52181,14.751999739266518,104.94984835292338,Rendah
Irak,Risiko Rendah,Meninggal,2023,15136.696,102.52181,2.0648421023681567,205.12139782543437,Rendah
Bhutan,Risiko Rendah,Meninggal,2023,14610.296,20.618406,22.67255893115634,541.7707794350353,Sedang
Samoa Amerika,Risiko Rendah,Meninggal,2023,15136.696,102.52181,1.6236979703656496,81.12571485510894,Rendah
Tonga,Risiko Rendah,Meninggal,2023,7030.419,145.29584,4.256717108718303,106.33034930523353,Rendah
Yordania,Risiko Rendah,Meninggal,2023,15136.696,102.52181,0.27733331656325955,273.3603756434753,Rendah
Kepulauan Mariana Utara,Risiko Rendah,Meninggal,2023,15136.696,102.52181,16.138633510147272,120.7398813459735,Rendah
Bermuda,Risiko Sedang,Meninggal,2023,103052.35,1198.537,0.05532966310317155,637.0709998325397,Sedang
Etiopia,Risiko Rendah,Meninggal,2023,15136.696,102.52181,22.992021785705443,257.49285929023597,Rendah
Nigeria,Risiko Rendah,Meninggal,2023,7843.8345,250.2091,19.007155465966953,316.04811106063454,Sedang
Germany,Risiko Sedang,Meninggal,2023,63039.37,241.98813,0.5014528385623744,371.5642711927303,Sedang
Sao Tome dan Principe,Risiko Rendah,Meninggal,2023,15136.696,102.52181,6.344414241428606,188.13391579455566,Rendah
Greece,Risiko Rendah,Meninggal,2023,36700.51,79.464005,0.7705764732848301,271.1282149227286,Rendah
Senegal,Risiko Rendah,Meninggal,2023,4304.7617,93.89484,19.33914720353547,273.92563082220886,Rendah
Chili,Risiko Rendah,Meninggal,2023,15136.696,102.52181,2.621804872013901,206.9492185794571,Rendah
Uruguay,Risiko Rendah,Meninggal,2023,31059.254,19.358261,1.6497130698511344,188.11024183095793,Rendah
Kiribati,Risiko Rendah,Meninggal,2023,3140.5833,163.62962,33.108038577391454,390.9289268227711,Sedang
Cina,Risiko Rendah,Meninggal,2023,15136.696,102.52181,1.7256950090927023,167.08060134028102,Rendah
Uzbekistan,Risiko Rendah,Meninggal,2023,10007.686,80.907906,3.532383418672811,180.23937677847755,Rendah
Kazakhstan,Risiko Rendah,Meninggal,2023,34703.234,7.530507,2.042035424868304,265.60468530505653,Rendah
Republik Rakyat Demokratik Korea,Risiko Rendah,Meninggal,2023,15136.696,102.52181,32.90746502434839,258.2116091181655,Rendah
Saint Lucia,Risiko Rendah,Meninggal,2023,23403.744,293.91968,1.4723465205090842,206.84635056358277,Rendah
Aljazair,Risiko Rendah,Meninggal,2023,15136.696,102.52181,4.402414536131881,601.4050101714582,Sedang
Qatar,Risiko Sedang,Meninggal,2023,116563.99,259.27643,0.533944880246351,633.3777679258441,Sedang
Somalia,Risiko Rendah,Meninggal,2023,1401.6473,29.26423,69.0029959933936,747.7576900917885,Tinggi
Marshall Islands,Risiko Rendah,Meninggal,2023,6801.6147,215.82777,44.60210412215641,333.56906113988,Sedang
Saint Vincent dan Grenadines,Risiko Rendah,Meninggal,2023,15136.696,102.52181,1.522939596879813,153.49216939770739,Rendah
Timor-Leste,Risiko Rendah,Meninggal,2023,15136.696,102.52181,43.99411637941093,396.52250852491545,Sedang
Kirgistan,Risiko Rendah,Meninggal,2023,15136.696,102.52181,2.850862655446223,154.6339037670844,Rendah
Saudi Arabia,Risiko Sedang,Meninggal,2023,64481.844,15.473994,1.5747232814864236,228.20904900835075,Rendah
Uni Emirat Arab,Risiko Rendah,Meninggal,2023,15136.696,102.52181,0.4835294691822112,84.71527037670018,Rendah
Liberia,Risiko Rendah,Meninggal,2023,1616.9237,57.02902,18.62383910140831,408.90072248591173,Sedang
Republik Arab Syria,Risiko Rendah,Meninggal,2023,15136.696,102.52181,0.6122814776647343,204.61848882428148,Rendah
Yaman,Risiko Rendah,Meninggal,2023,15136.696,102.52181,2.7754119320345843,206.80688222067278,Rendah
Mali,Risiko Rendah,Meninggal,2023,2860.4282,19.47986,22.00127562611123,413.7072261627286,Sedang
Republik Persatuan Tanzania,Risiko Rendah,Meninggal,2023,15136.696,102.52181,16.932346414206688,277.286107363103,Rendah
Vietnam,Risiko Rendah,Meninggal,2023,13545.935,320.1752,15.21829852219475,130.413575244014,Rendah
Belgium,Risiko Sedang,Meninggal,2023,63095.402,386.8194,0.48263843982295634,356.7763152602491,Sedang
Swiss,Risiko Rendah,Meninggal,2023,15136.696,102.52181,0.3405401052827988,410.5014457460934,Sedang
Montenegro,Risiko Rendah,Meninggal,2023,27243.518,47.104313,1.0518142799625219,222.87655032600117,Rendah
Siprus,Risiko Rendah,Meninggal,2023,15136.696,102.52181,0.42858785442345265,402.3783038733873,Sedang
Gambia,Risiko Rendah,Meninggal,2023,2963.5986,266.58557,22.84384691604325,426.9714145570308,Sedang
United Kingdom,Risiko Sedang,Meninggal,2023,52592.684,283.89603,0.39154719684130096,367.1258533234805,Sedang
Polandia,Risiko Rendah,Meninggal,2023,15136.696,102.52181,1.2715215087303886,151.14296291670388,Rendah
Burundi,Risiko Rendah,Meninggal,2023,1036.1671,533.0785,49.787160993687586,539.8804484892255,Sedang
Grenada,Risiko Rendah,Meninggal,2023,17093.156,344.3941,0.43757227383403136,207.50957242072357,Rendah
Guyana,Risiko Sedang,Meninggal,2023,49312.36,4.1979017,4.496849294552739,564.7274580395916,Sedang
Maladewa,Risiko Rendah,Meninggal,2023,15136.696,102.52181,3.645230278228119,85.61086620932187,Rendah
Honduras,Risiko Rendah,Meninggal,2023,6467.88,95.136765,5.631954029792429,182.96666938932975,Rendah
Mexico,Risiko Rendah,Meninggal,2023,21917.248,66.74027,2.2828277087583864,82.66306069325347,Rendah
Saint Kitts dan Nevis,Risiko Rendah,Meninggal,2023,15136.696,102.52181,0.9283850250144683,160.57528469025905,Rendah
Myanmar,Risiko Rendah,Meninggal,2023,5364.138,82.94207,27.442181922913246,252.73088600214308,Rendah
Nikaragua,Risiko Rendah,Meninggal,2023,15136.696,102.52181,3.429076122568841,217.20090569876717,Rendah
San Marino,Risiko Sedang,Meninggal,2023,70951.79,562.68335,0.1859218373696101,369.19032525178545,Sedang
Israel,Risiko Sedang,Meninggal,2023,47527.152,427.7408,0.2249925062604809,355.876797498487,Sedang
Armenia,Risiko Rendah,Meninggal,2023,19402.752,103.38595,0.881797410255095,149.6233187837275,Rendah
Italy,Risiko Sedang,Meninggal,2023,52870.324,201.20403,0.4740088262978027,670.0847512386015,Sedang
Filipina,Risiko Rendah,Meninggal,2023,15136.696,102.52181,20.15612845220006,333.03176040400024,Sedang
Libya,Risiko Rendah,Meninggal,2023,12476.598,4.1520276,1.657189925919793,204.3618837445695,Rendah
Tokelau,Risiko Rendah,Meninggal,2023,15136.696,242.4,4.534578599069946,167.0404477512797,Rendah
Maroko,Risiko Rendah,Meninggal,2023,15136.696,102.52181,3.8754328380497975,181.9632915427526,Rendah
Pakistan,Risiko Rendah,Meninggal,2023,5418.7695,321.06747,22.523636656044562,341.3479320460413,Sedang
Burkina Faso,Risiko Rendah,Meninggal,2023,2486.2068,84.15854,15.811182864230327,310.6202855940048,Sedang
Malawi,Risiko Rendah,Meninggal,2023,1649.2987,223.84895,21.24093397811133,367.5745959535231,Sedang
Kamerun,Risiko Rendah,Meninggal,2023,15136.696,102.52181,18.637985346953982,285.5163404551828,Sedang
Mauritius,Risiko Sedang,Meninggal,2023,26635.012,637.75214,1.0756009099046833,73.15626009573249,Rendah
Mozambik,Risiko Rendah,Meninggal,2023,15136.696,102.52181,35.80353068537616,379.9679599189868,Sedang
Malta,Risiko Sedang,Meninggal,2023,60418.395,1665.5125,0.1437470353320796,294.5547448789815,Sedang
Antigua dan Barbuda,Risiko Rendah,Meninggal,2023,15136.696,102.52181,0.3580750328350334,159.42154331731757,Rendah
Taiwan (Provinsi Tiongkok),Risiko Rendah,Meninggal,2023,15136.696,102.52181,2.9885289117313487,94.42109667044652,Rendah
Mikronesia (Negara Federasi),Risiko Rendah,Meninggal,2023,15136.696,102.52181,7.602663774821876,101.43954817406103,Rendah
Bahama,Risiko Rendah,Meninggal,2023,15136.696,102.52181,1.210383004738416,156.29292828204743,Rendah
Papua New Guinea,Risiko Rendah,Meninggal,2023,4205.8477,22.942274,20.454074056358373,216.49940202437315,Rendah
Netherlands,Risiko Sedang,Meninggal,2023,70198.93,537.3486,0.33034689045828897,378.4526972970569,Sedang
Samoa,Risiko Rendah,Meninggal,2023,7383.7456,77.939926,6.693798083733536,189.68264654510676,Rendah
Bahrain,Risiko Sedang,Meninggal,2023,57819.906,1986.9291,0.596619282277989,691.9712063375559,Sedang
Egypt,Risiko Rendah,Meninggal,2023,16691.387,115.05929,0.683432560415513,188.26342521167695,Rendah
Denmark,Risiko Sedang,Meninggal,2023,69379.22,148.70335,0.3736911167564832,359.1026063924627,Sedang
Albania,Risiko Rendah,Meninggal,2023,20481.035,102.615326,1.2281784886302944,179.09687055907725,Rendah
Iran (Republik Islam),Risiko Rendah,Meninggal,2023,15136.696,102.52181,0.8543333694106312,87.08786865673709,Rendah
Finland,Risiko Sedang,Meninggal,2023,56250.88,18.428122,0.8093584431194678,333.2419615289427,Sedang
Bosnia dan Herzegovina,Risiko Rendah,Meninggal,2023,15136.696,102.52181,2.6228017915077504,150.30740495269663,Rendah
Komoro,Risiko Rendah,Meninggal,2023,15136.696,102.52181,24.399578583624102,267.67297574633625,Rendah
Perancis,Risiko Rendah,Meninggal,2023,15136.696,102.52181,0.8614272552406604,295.5491523968618,Sedang
Djibouti,Risiko Rendah,Meninggal,2023,6510.6787,49.73904,22.416633311446166,240.09768112342053,Rendah
Azerbaijan,Risiko Rendah,Meninggal,2023,21310.738,124.84222,4.75307630566984,152.88830277465274,Rendah
Mauritania,Risiko Rendah,Meninggal,2023,6276.475,4.8728456,10.434010136087796,213.1840403402148,Rendah
Georgia,Risiko Rendah,Meninggal,2023,22590.53,54.79197,2.247509045211553,233.3427677686595,Rendah
Srilanka,Risiko Rendah,Meninggal,2023,15136.696,102.52181,4.141881335437967,84.83569971476008,Rendah
Niger,Risiko Rendah,Meninggal,2023,1689.5642,20.65198,45.53992985084535,469.2621396335108,Sedang
Tuvalu,Risiko Rendah,Meninggal,2023,5812.3994,327.9,46.00319162209548,353.2413505270561,Sedang
Panama,Risiko Rendah,Meninggal,2023,35872.95,60.10728,3.792839012087486,169.9230685656479,Rendah
Haiti,Risiko Rendah,Meninggal,2023,2965.9463,422.25696,49.67947513621192,437.0340713533606,Sedang
Kepulauan Virgin Amerika Serikat,Risiko Rendah,Meninggal,2023,15136.696,102.52181,0.41401711753039094,205.12139782543437,Rendah
Thailand,Risiko Rendah,Meninggal,2023,21191.453,140.34808,13.899353380093004,189.06799523017656,Rendah
Jamaika,Risiko Rendah,Meninggal,2023,15136.696,102.52181,0.36284975595731445,209.43189321909983,Rendah
Venezuela (Republik Bolivarian),Risiko Rendah,Meninggal,2023,15136.696,102.52181,4.524170295801256,154.9275308510613,Rendah
Palestina,Risiko Rendah,Meninggal,2023,15136.696,102.52181,0.6989597607113679,205.43102833013359,Rendah
Luksemburg,Risiko Rendah,Meninggal,2023,15136.696,102.52181,0.17656067240272263,396.2720804207999,Sedang
Oman,Risiko Rendah,Meninggal,2023,37793.617,16.314272,0.3984144020613047,722.4880334554853,Tinggi
Cabo Verde,Risiko Rendah,Meninggal,2023,15136.696,102.52181,6.292879189833792,156.765815158989,Rendah
Rumania,Risiko Rendah,Meninggal,2023,15136.696,102.52181,4.495292571457794,209.8015615924135,Rendah
Argentina,Risiko Rendah,Meninggal,2023,27230.396,16.639957,1.8013069125865393,168.2507154224184,Rendah
Chad,Risiko Rendah,Meninggal,2023,2433.0989,15.34234,44.90222907472972,521.2001863122767,Sedang
Monako,Risiko Rendah,Meninggal,2023,15136.696,102.52181,1.5293563503959555,331.7117494538616,Sedang
Serbia,Risiko Rendah,Meninggal,2023,25735.24,80.54708,0.9976745217084073,238.60669497258004,Rendah
Pantai Gading,Risiko Rendah,Meninggal,2023,15136.696,102.52181,18.444801721391887,327.94881128953716,Sedang
Nauru,Risiko Rendah,Meninggal,2023,12372.5205,595.0,18.31086457452504,230.68348037523018,Rendah
Rwanda,Risiko Rendah,Meninggal,2023,3062.999,565.64545,25.68875914027387,450.50154378675757,Sedang
Seychelles,Risiko Rendah,Meninggal,2023,28635.355,278.1761,3.82196340520299,83.13561823370843,Rendah
Tajikistan,Risiko Rendah,Meninggal,2023,4472.324,74.85991,9.776016099978243,131.30461428100148,Rendah
Fiji,Risiko Rendah,Meninggal,2023,13194.805,50.582924,3.8197155243567127,103.32071766942433,Rendah
Turkmenistan,Risiko Rendah,Meninggal,2023,17866.404,15.671349,6.468617429197553,183.62656958737676,Rendah
Turkey,Risiko Rendah,Meninggal,2023,35069.17,113.3928,0.9029661796193023,185.1862338621516,Rendah
Uganda,Risiko Rendah,Meninggal,2023,2791.0557,242.65213,14.692330144390386,217.0395699289065,Rendah
Zambia,Risiko Rendah,Meninggal,2023,3673.4841,27.877651,16.893572810148886,339.3768490971005,Sedang
Andorra,Risiko Sedang,Meninggal,2023,64631.297,172.0617,2.615321316352188,312.53426699692756,Sedang
Spain,Risiko Sedang,Meninggal,2023,47322.594,95.87431,0.6437888179879789,269.9857260286457,Rendah
Guinea,Risiko Rendah,Meninggal,2023,3904.824,58.625546,37.09132556558756,467.91155834518634,Sedang
Austria,Risiko Sedang,Meninggal,2023,64536.297,110.6451,0.511261335186653,285.25645179679236,Sedang
Republik Demokratik Rakyat Laos,Risiko Rendah,Meninggal,2023,15136.696,102.52181,21.667243584455356,325.8914386221327,Sedang
El Salvador,Risiko Rendah,Meninggal,2023,11424.6455,304.51877,3.294779085223366,163.56058601534363,Rendah
Sweden,Risiko Sedang,Meninggal,2023,62662.766,25.906998,0.6425279493063676,509.722083264822,Sedang
Guinea-Bissau,Risiko Rendah,Meninggal,2023,2693.7766,76.57692,48.770422454582125,586.4281504305698,Sedang
Kuba,Risiko Rendah,Meninggal,2023,15136.696,102.52181,0.4492160006346877,150.61703545739584,Rendah
Guatemala,Risiko Rendah,Meninggal,2023,12384.948,169.13812,2.465305676640427,81.49567691995615,Rendah
Dominica,Risiko Rendah,Meninggal,2023,18278.225,88.708,2.61057608421524,178.07454297522648,Rendah
Malaysia,Risiko Rendah,Meninggal,2023,32857.668,106.913086,5.232680201574011,154.93754413007625,Rendah
Dominican Republic,Risiko Rendah,Meninggal,2023,23282.49,238.39745,3.4766600859977306,153.52853975892722,Rendah
Vanuatu,Risiko Rendah,Meninggal,2023,3214.7024,26.285645,12.589655483123002,150.57196912246636,Rendah
Palau,Risiko Rendah,Meninggal,2023,16425.973,38.58913,7.59153483205753,194.21837142922374,Rendah
India,Risiko Rendah,Meninggal,2023,9301.756,483.679,23.20020427197071,185.52281196525786,Rendah
Benin,Risiko Rendah,Meninggal,2023,3721.2126,125.142204,22.640434327121998,377.5515989375666,Sedang
Puerto Riko,Risiko Rendah,Meninggal,2023,15136.696,102.52181,0.47080238547948966,205.43102833013359,Rendah
Nepal,Risiko Rendah,Meninggal,2023,4861.2305,207.14764,17.409491938517313,256.14115801610916,Rendah
Kuwait,Risiko Sedang,Meninggal,2023,47777.402,271.53653,0.5857203065965054,511.2465076975232,Sedang
Czechia,Risiko Sedang,Meninggal,2023,47558.41,140.0462,0.336341195868234,694.6250611323984,Sedang
Libanon,Risiko Rendah,Meninggal,2023,15136.696,102.52181,1.408899540073947,150.42887748824086,Rendah
Hungaria,Risiko Rendah,Meninggal,2023,15136.696,102.52181,0.623189214370531,150.61703545739584,Rendah
Suriname,Risiko Rendah,Meninggal,2023,19020.867,4.031359,1.7733049042676723,175.82235457198226,Rendah
Makedonia Utara,Risiko Rendah,Meninggal,2023,15136.696,102.52181,1.5123471821157217,209.74152372379908,Rendah
Trinidad dan Tobago,Risiko Rendah,Meninggal,2023,15136.696,102.52181,1.346753982344385,154.9468884567943,Rendah
Kenya,Risiko Rendah,Meninggal,2023,5691.825,97.23268,14.889506441132978,195.7539308275423,Rendah
Sierra Leone,Risiko Rendah,Meninggal,2023,3034.946,117.214226,38.32896805865614,359.19686494799987,Sedang
Madagaskar,Risiko Rendah,Meninggal,2023,15136.696,102.52181,34.30990258218795,268.1237551144478,Rendah
Islandia,Risiko Rendah,Meninggal,2023,15136.696,102.52181,0.35472666224326427,315.98042445194375,Sedang
Togo,Risiko Rendah,Meninggal,2023,2842.2307,151.20157,23.292045656074155,385.4886308525041,Sedang
Irlandia,Risiko Rendah,Meninggal,2023,15136.696,102.52181,0.38002879459445665,298.0035890685024,Sedang
Kepulauan Cook,Risiko Rendah,Meninggal,2023,15136.696,102.52181,1.0963883589223855,155.1853978498697,Rendah
Guam,Risiko Rendah,Meninggal,2023,15136.696,308.37408,6.267593181083768,176.57853520081443,Rendah
Sudan Selatan,Risiko Rendah,Meninggal,2023,15136.696,102.52181,51.58146393407763,338.2821625762533,Sedang
Tunisia,Risiko Rendah,Meninggal,2023,12650.962,78.53008,9.140854287655603,184.22199329223687,Rendah
Mikronesia (Negara Federasi),Risiko Rendah,DALYs (Disability-Adjusted Life Years),2023,15136.696,102.52181,330.50957945350257,262.7176564583174,Rendah
Maladewa,Risiko Rendah,DALYs (Disability-Adjusted Life Years),2023,15136.696,102.52181,158.98775730471712,235.82102976589834,Rendah
Kazakhstan,Risiko Rendah,DALYs (Disability-Adjusted Life Years),2023,34703.234,7.530507,96.60012162952525,410.1949662250486,Sedang
Islandia,Risiko Rendah,DALYs (Disability-Adjusted Life Years),2023,15136.696,102.52181,7.7206734833105575,423.01058170476966,Sedang
Swiss,Risiko Rendah,DALYs (Disability-Adjusted Life Years),2023,15136.696,102.52181,6.968585892093673,517.5316029989193,Sedang
India,Risiko Rendah,DALYs (Disability-Adjusted Life Years),2023,9301.756,483.679,845.9835048733956,553.7020455229008,Sedang
Filipina,Risiko Rendah,DALYs (Disability-Adjusted Life Years),2023,15136.696,102.52181,897.9014510321136,799.9579560313343,Tinggi
Saudi Arabia,Risiko Sedang,DALYs (Disability-Adjusted Life Years),2023,64481.844,15.473994,78.51628539282068,284.5545652082292,Sedang
Israel,Risiko Sedang,DALYs (Disability-Adjusted Life Years),2023,47527.152,427.7408,5.412972712643329,391.6698468457113,Sedang
Egypt,Risiko Rendah,DALYs (Disability-Adjusted Life Years),2023,16691.387,115.05929,36.511294904077296,328.91586226128925,Sedang
Mexico,Risiko Rendah,DALYs (Disability-Adjusted Life Years),2023,21917.248,66.74027,100.53727989158489,234.8975082542394,Rendah
Rumania,Risiko Rendah,DALYs (Disability-Adjusted Life Years),2023,15136.696,102.52181,157.10913784503683,349.0396402019025,Sedang
Makedonia Utara,Risiko Rendah,DALYs (Disability-Adjusted Life Years),2023,15136.696,102.52181,46.03567940891069,341.05521311081475,Sedang
Benin,Risiko Rendah,DALYs (Disability-Adjusted Life Years),2023,3721.2126,125.142204,1251.0067609500952,975.4924380466615,Tinggi
Mongolia,Risiko Rendah,DALYs (Disability-Adjusted Life Years),2023,16222.864,2.2034814,483.0614946038897,389.4497528842152,Sedang
Mali,Risiko Rendah,DALYs (Disability-Adjusted Life Years),2023,2860.4282,19.47986,1303.1892154115526,1082.3549552343568,Tinggi
Andorra,Risiko Sedang,DALYs (Disability-Adjusted Life Years),2023,64631.297,172.0617,58.77007203716546,360.46399404132984,Sedang
Republik Persatuan Tanzania,Risiko Rendah,DALYs (Disability-Adjusted Life Years),2023,15136.696,102.52181,747.0587752791729,656.4565760051681,Sedang
Samoa,Risiko Rendah,DALYs (Disability-Adjusted Life Years),2023,7383.7456,77.939926,296.88623894126573,408.1093289034703,Sedang
Irak,Risiko Rendah,DALYs (Disability-Adjusted Life Years),2023,15136.696,102.52181,101.7393359609027,346.0742706931907,Sedang
Polandia,Risiko Rendah,DALYs (Disability-Adjusted Life Years),2023,15136.696,102.52181,43.11258047156169,310.4897341713024,Sedang
Slovakia,Risiko Rendah,DALYs (Disability-Adjusted Life Years),2023,39518.223,114.76824,16.35052122834518,274.6244113146189,Rendah
Suriname,Risiko Rendah,DALYs (Disability-Adjusted Life Years),2023,19020.867,4.031359,80.86108564642686,316.16093688841244,Sedang
Belgium,Risiko Sedang,DALYs (Disability-Adjusted Life Years),2023,63095.402,386.8194,10.01696261095037,397.20175552576825,Sedang
Kirgistan,Risiko Rendah,DALYs (Disability-Adjusted Life Years),2023,15136.696,102.52181,144.35974808882057,300.7585555833976,Sedang
Panama,Risiko Rendah,DALYs (Disability-Adjusted Life Years),2023,35872.95,60.10728,148.21237630255058,316.91264418379814,Sedang
Republik Rakyat Demokratik Korea,Risiko Rendah,DALYs (Disability-Adjusted Life Years),2023,15136.696,102.52181,1150.0719251890869,768.3569830404891,Tinggi
Kamerun,Risiko Rendah,DALYs (Disability-Adjusted Life Years),2023,15136.696,102.52181,1045.072310547517,826.4711861901546,Tinggi
Luksemburg,Risiko Rendah,DALYs (Disability-Adjusted Life Years),2023,15136.696,102.52181,4.709540357612514,505.3497884499229,Sedang
Honduras,Risiko Rendah,DALYs (Disability-Adjusted Life Years),2023,6467.88,95.136765,213.8293496085287,371.54315430374396,Sedang
Tonga,Risiko Rendah,DALYs (Disability-Adjusted Life Years),2023,7030.419,145.29584,184.96809702871028,251.36472576947384,Rendah
Barbados,Risiko Sedang,DALYs (Disability-Adjusted Life Years),2023,21318.672,656.6209,24.00238727760026,249.27320167884747,Rendah
Dominica,Risiko Rendah,DALYs (Disability-Adjusted Life Years),2023,18278.225,88.708,101.34897821500232,307.87095298323,Sedang
Turkmenistan,Risiko Rendah,DALYs (Disability-Adjusted Life Years),2023,17866.404,15.671349,344.5391400122978,364.36450584186537,Sedang
Denmark,Risiko Sedang,DALYs (Disability-Adjusted Life Years),2023,69379.22,148.70335,8.090415702869377,396.4198031617887,Sedang
Albania,Risiko Rendah,DALYs (Disability-Adjusted Life Years),2023,20481.035,102.615326,36.70857880945113,307.14117428988254,Sedang
Hungaria,Risiko Rendah,DALYs (Disability-Adjusted Life Years),2023,15136.696,102.52181,19.75209863645997,288.48246327284437,Sedang
Azerbaijan,Risiko Rendah,DALYs (Disability-Adjusted Life Years),2023,21310.738,124.84222,247.52891847752994,289.0863286175965,Sedang
Kiribati,Risiko Rendah,DALYs (Disability-Adjusted Life Years),2023,3140.5833,163.62962,1840.194703319169,1097.4220214073832,Tinggi
Kuba,Risiko Rendah,DALYs (Disability-Adjusted Life Years),2023,15136.696,102.52181,20.972423230495657,288.48246327284437,Sedang
Komoro,Risiko Rendah,DALYs (Disability-Adjusted Life Years),2023,15136.696,102.52181,939.0100176807699,663.3919981319684,Sedang
Thailand,Risiko Rendah,DALYs (Disability-Adjusted Life Years),2023,21191.453,140.34808,397.04803867642596,347.10725916849947,Sedang
Tokelau,Risiko Rendah,DALYs (Disability-Adjusted Life Years),2023,15136.696,242.4,186.30849255114256,323.5010710983003,Sedang
Somalia,Risiko Rendah,DALYs (Disability-Adjusted Life Years),2023,1401.6473,29.26423,3369.9002975254493,1613.447967166163,Tinggi
Chili,Risiko Rendah,DALYs (Disability-Adjusted Life Years),2023,15136.696,102.52181,85.07715360132948,344.8146463949056,Sedang
Tajikistan,Risiko Rendah,DALYs (Disability-Adjusted Life Years),2023,4472.324,74.85991,505.9137453220393,547.2565754147602,Sedang
Perancis,Risiko Rendah,DALYs (Disability-Adjusted Life Years),2023,15136.696,102.52181,15.873075674271291,411.41325462870356,Sedang
Indonesia,Risiko Rendah,DALYs (Disability-Adjusted Life Years),2023,13889.975,148.57692,1086.4830466615495,786.6891425560806,Tinggi
Netherlands,Risiko Sedang,DALYs (Disability-Adjusted Life Years),2023,70198.93,537.3486,7.159121739875637,414.53750646834754,Sedang
Tunisia,Risiko Rendah,DALYs (Disability-Adjusted Life Years),2023,12650.962,78.53008,287.3255855916978,362.57711736608786,Sedang
Spain,Risiko Sedang,DALYs (Disability-Adjusted Life Years),2023,47322.594,95.87431,13.335580665606278,317.7890795033281,Sedang
Saint Vincent dan Grenadines,Risiko Rendah,DALYs (Disability-Adjusted Life Years),2023,15136.696,102.52181,68.65375321271945,284.8058587847229,Sedang
Grenada,Risiko Rendah,DALYs (Disability-Adjusted Life Years),2023,17093.156,344.3941,34.33533780066527,325.2134221195971,Sedang
Pulau Solomon,Risiko Rendah,DALYs (Disability-Adjusted Life Years),2023,15136.696,102.52181,634.8259187613213,309.84310244416577,Sedang
Burundi,Risiko Rendah,DALYs (Disability-Adjusted Life Years),2023,1036.1671,533.0785,2643.3476068140867,1476.3394823130836,Tinggi
Montenegro,Risiko Rendah,DALYs (Disability-Adjusted Life Years),2023,27243.518,47.104313,33.189606831051854,374.88196118596454,Sedang
Zambia,Risiko Rendah,DALYs (Disability-Adjusted Life Years),2023,3673.4841,27.877651,983.7215599468318,952.784571710939,Tinggi
Nepal,Risiko Rendah,DALYs (Disability-Adjusted Life Years),2023,4861.2305,207.14764,691.5646034094506,644.8765343273114,Sedang
Pakistan,Risiko Rendah,DALYs (Disability-Adjusted Life Years),2023,5418.7695,321.06747,1044.695170172525,1003.4150254866212,Tinggi
Togo,Risiko Rendah,DALYs (Disability-Adjusted Life Years),2023,2842.2307,151.20157,1214.8968836195108,1065.8767771596704,Tinggi
Uzbekistan,Risiko Rendah,DALYs (Disability-Adjusted Life Years),2023,10007.686,80.907906,176.90463162141106,409.66774532082786,Sedang
Bahama,Risiko Rendah,DALYs (Disability-Adjusted Life Years),2023,15136.696,102.52181,60.312713257067834,313.42859220244145,Sedang
Bulgaria,Risiko Rendah,DALYs (Disability-Adjusted Life Years),2023,33073.816,62.59953,21.604921818263833,364.77851306107857,Sedang
Haiti,Risiko Rendah,DALYs (Disability-Adjusted Life Years),2023,2965.9463,422.25696,2516.858543241724,1287.6208220822496,Tinggi
Etiopia,Risiko Rendah,DALYs (Disability-Adjusted Life Years),2023,15136.696,102.52181,1149.948386383112,805.164457419779,Tinggi
Kepulauan Virgin Amerika Serikat,Risiko Rendah,DALYs (Disability-Adjusted Life Years),2023,15136.696,102.52181,18.875056954091892,342.9868256408829,Sedang
Italy,Risiko Sedang,DALYs (Disability-Adjusted Life Years),2023,52870.324,201.20403,10.50823443185618,711.7425791021559,Tinggi
Niger,Risiko Rendah,DALYs (Disability-Adjusted Life Years),2023,1689.5642,20.65198,2793.039061621822,1358.6586319202747,Tinggi
Bermuda,Risiko Sedang,DALYs (Disability-Adjusted Life Years),2023,103052.35,1198.537,23.541376159845967,691.4409392311106,Sedang
San Marino,Risiko Sedang,DALYs (Disability-Adjusted Life Years),2023,70951.79,562.68335,3.8657652038148522,405.2751344230763,Sedang
Vietnam,Risiko Rendah,DALYs (Disability-Adjusted Life Years),2023,13545.935,320.1752,520.3149619163587,375.814580077994,Sedang
Sao Tome dan Principe,Risiko Rendah,DALYs (Disability-Adjusted Life Years),2023,15136.696,102.52181,290.55696464975443,344.8363446992456,Sedang
Djibouti,Risiko Rendah,DALYs (Disability-Adjusted Life Years),2023,6510.6787,49.73904,1092.399435955348,785.5708100832734,Tinggi
United Kingdom,Risiko Sedang,DALYs (Disability-Adjusted Life Years),2023,52592.684,283.89603,9.712069828436528,410.93768447145885,Sedang
Seychelles,Risiko Rendah,DALYs (Disability-Adjusted Life Years),2023,28635.355,278.1761,160.38128332564605,199.65012870818933,Rendah
Uni Emirat Arab,Risiko Rendah,DALYs (Disability-Adjusted Life Years),2023,15136.696,102.52181,27.70458270257196,205.51970127165322,Rendah
Chad,Risiko Rendah,DALYs (Disability-Adjusted Life Years),2023,2433.0989,15.34234,2562.938303262478,1429.3536066021472,Tinggi
Kuwait,Risiko Sedang,DALYs (Disability-Adjusted Life Years),2023,47777.402,271.53653,27.597581536554962,552.9043355610778,Sedang
Saint Kitts dan Nevis,Risiko Rendah,DALYs (Disability-Adjusted Life Years),2023,15136.696,102.52181,40.915249808242805,291.88897407727467,Sedang
Kepulauan Cook,Risiko Rendah,DALYs (Disability-Adjusted Life Years),2023,15136.696,102.52181,54.03478731270848,291.0687550321364,Sedang
Sierra Leone,Risiko Rendah,DALYs (Disability-Adjusted Life Years),2023,3034.946,117.214226,2035.987355776891,1183.2673931513696,Tinggi
Nauru,Risiko Rendah,DALYs (Disability-Adjusted Life Years),2023,12372.5205,595.0,971.3586246879734,731.5638689635992,Tinggi
Kolumbia,Risiko Rendah,DALYs (Disability-Adjusted Life Years),2023,15136.696,102.52181,90.30199472765837,281.115549990194,Rendah
Belize,Risiko Rendah,DALYs (Disability-Adjusted Life Years),2023,12371.009,18.023323,111.67902531367476,393.65156287231497,Sedang
Taiwan (Provinsi Tiongkok),Risiko Rendah,DALYs (Disability-Adjusted Life Years),2023,15136.696,102.52181,76.04450597418408,232.93630227298968,Rendah
Trinidad dan Tobago,Risiko Rendah,DALYs (Disability-Adjusted Life Years),2023,15136.696,102.52181,57.787753380892575,312.3115890782111,Sedang
Bangladesh,Risiko Sedang,DALYs (Disability-Adjusted Life Years),2023,8242.398,1317.2543,429.11727219984067,633.8426091767298,Sedang
Timor-Leste,Risiko Rendah,DALYs (Disability-Adjusted Life Years),2023,15136.696,102.52181,1833.513930885924,995.5614863971736,Tinggi
Vanuatu,Risiko Rendah,DALYs (Disability-Adjusted Life Years),2023,3214.7024,26.285645,568.0588479922523,564.0851453425241,Sedang
Argentina,Risiko Rendah,DALYs (Disability-Adjusted Life Years),2023,27230.396,16.639957,66.54319466852533,319.4557911868063,Sedang
El Salvador,Risiko Rendah,DALYs (Disability-Adjusted Life Years),2023,11424.6455,304.51877,128.9957197292001,293.323959380303,Sedang
Gambia,Risiko Rendah,DALYs (Disability-Adjusted Life Years),2023,2963.5986,266.58557,1196.7870628705875,1071.190784416332,Tinggi
Libya,Risiko Rendah,DALYs (Disability-Adjusted Life Years),2023,12476.598,4.1520276,78.00922213394614,350.028195692059,Sedang
Saint Lucia,Risiko Rendah,DALYs (Disability-Adjusted Life Years),2023,23403.744,293.91968,67.10905147670482,331.1281686687069,Sedang
Madagaskar,Risiko Rendah,DALYs (Disability-Adjusted Life Years),2023,15136.696,102.52181,1728.05273356465,871.0780005699702,Tinggi
Guam,Risiko Rendah,DALYs (Disability-Adjusted Life Years),2023,15136.696,308.37408,256.33241031709764,329.8090801949807,Sedang
Czechia,Risiko Sedang,DALYs (Disability-Adjusted Life Years),2023,47558.41,140.0462,10.17228052358489,736.2828889959529,Tinggi
Nigeria,Risiko Rendah,DALYs (Disability-Adjusted Life Years),2023,7843.8345,250.2091,1031.5527805176635,926.4836927762685,Tinggi
Antigua dan Barbuda,Risiko Rendah,DALYs (Disability-Adjusted Life Years),2023,15136.696,102.52181,30.586110050167846,280.2259742122706,Rendah
Kamboja,Risiko Rendah,DALYs (Disability-Adjusted Life Years),2023,15136.696,102.52181,1166.9509442276087,848.6976615670932,Tinggi
Turkey,Risiko Rendah,DALYs (Disability-Adjusted Life Years),2023,35069.17,113.3928,33.26006841801601,311.27014791082036,Sedang
Germany,Risiko Sedang,DALYs (Disability-Adjusted Life Years),2023,63039.37,241.98813,10.51700958514963,408.5897081379897,Sedang
Oman,Risiko Rendah,DALYs (Disability-Adjusted Life Years),2023,37793.617,16.314272,22.153471122216562,835.2789504927288,Tinggi
Aljazair,Risiko Rendah,DALYs (Disability-Adjusted Life Years),2023,15136.696,102.52181,164.98932023954015,713.4006298967574,Tinggi
Siprus,Risiko Rendah,DALYs (Disability-Adjusted Life Years),2023,15136.696,102.52181,9.640106289541338,502.78495641636465,Sedang
Yordania,Risiko Rendah,DALYs (Disability-Adjusted Life Years),2023,15136.696,102.52181,12.043504272796035,400.18861367939394,Sedang
Sudan,Risiko Rendah,DALYs (Disability-Adjusted Life Years),2023,2181.079,26.789507,181.48007994669334,697.9651608867918,Tinggi
Mauritius,Risiko Sedang,DALYs (Disability-Adjusted Life Years),2023,26635.012,637.75214,49.111154989794514,140.21229459322643,Rendah
Malta,Risiko Sedang,DALYs (Disability-Adjusted Life Years),2023,60418.395,1665.5125,4.613209904578096,363.80967512236197,Sedang
Kepulauan Mariana Utara,Risiko Rendah,DALYs (Disability-Adjusted Life Years),2023,15136.696,102.52181,633.7127912134448,331.913573192381,Sedang
Yaman,Risiko Rendah,DALYs (Disability-Adjusted Life Years),2023,15136.696,102.52181,141.07454461753287,347.75975508842913,Sedang
Senegal,Risiko Rendah,DALYs (Disability-Adjusted Life Years),2023,4304.7617,93.89484,894.2582518992118,850.4884026649529,Tinggi
Libanon,Risiko Rendah,DALYs (Disability-Adjusted Life Years),2023,15136.696,102.52181,51.05260587412178,286.08319796948484,Sedang
Guinea-Bissau,Risiko Rendah,DALYs (Disability-Adjusted Life Years),2023,2693.7766,76.57692,2602.607698803543,1341.6030242749227,Tinggi
Pantai Gading,Risiko Rendah,DALYs (Disability-Adjusted Life Years),2023,15136.696,102.52181,1095.5408598003285,885.5241278139138,Tinggi
Uruguay,Risiko Rendah,DALYs (Disability-Adjusted Life Years),2023,31059.254,19.358261,54.91180014510576,339.31531759534585,Sedang
Malaysia,Risiko Rendah,DALYs (Disability-Adjusted Life Years),2023,32857.668,106.913086,203.04736195467507,279.24635200108156,Rendah
Republik Demokratik Rakyat Laos,Risiko Rendah,DALYs (Disability-Adjusted Life Years),2023,15136.696,102.52181,956.9981752276307,837.722690635858,Tinggi
Kosta Rika,Risiko Rendah,DALYs (Disability-Adjusted Life Years),2023,15136.696,102.52181,31.399922821203962,285.9289543850123,Sedang
Mozambik,Risiko Rendah,DALYs (Disability-Adjusted Life Years),2023,15136.696,102.52181,1864.7451085727084,979.8319859445514,Tinggi
Rwanda,Risiko Rendah,DALYs (Disability-Adjusted Life Years),2023,3062.999,565.64545,1196.5263375759696,1066.3119406003152,Tinggi
Finland,Risiko Sedang,DALYs (Disability-Adjusted Life Years),2023,56250.88,18.428122,15.164443607818999,376.54110492173584,Sedang
Norway,Risiko Sedang,DALYs (Disability-Adjusted Life Years),2023,90085.44,15.151308,11.29276572675349,397.0395345740315,Sedang
Jamaika,Risiko Rendah,DALYs (Disability-Adjusted Life Years),2023,15136.696,102.52181,19.70641846418436,340.7455826061154,Sedang
Myanmar,Risiko Rendah,DALYs (Disability-Adjusted Life Years),2023,5364.138,82.94207,1215.2930127784823,897.6786514208186,Tinggi
Maroko,Risiko Rendah,DALYs (Disability-Adjusted Life Years),2023,15136.696,102.52181,143.13343720583532,322.32000599949436,Sedang
Papua New Guinea,Risiko Rendah,DALYs (Disability-Adjusted Life Years),2023,4205.8477,22.942274,1017.8891229457771,884.3995944191543,Tinggi
Sudan Selatan,Risiko Rendah,DALYs (Disability-Adjusted Life Years),2023,15136.696,102.52181,2645.000819392696,938.1461886018178,Tinggi
Ghana,Risiko Rendah,DALYs (Disability-Adjusted Life Years),2023,6808.5376,148.49677,1126.1820346595607,857.1760322828378,Tinggi
Srilanka,Risiko Rendah,DALYs (Disability-Adjusted Life Years),2023,15136.696,102.52181,145.20105673496178,216.58490126977628,Rendah
Cina,Risiko Rendah,DALYs (Disability-Adjusted Life Years),2023,15136.696,102.52181,69.18236869677553,319.4030113891643,Sedang
Irlandia,Risiko Rendah,DALYs (Disability-Adjusted Life Years),2023,15136.696,102.52181,8.250753404057342,429.17245819864957,Sedang
Puerto Riko,Risiko Rendah,DALYs (Disability-Adjusted Life Years),2023,15136.696,102.52181,18.128592219968002,343.29645614558217,Sedang
Palau,Risiko Rendah,DALYs (Disability-Adjusted Life Years),2023,16425.973,38.58913,279.9526393675123,370.5052092932026,Sedang
Guatemala,Risiko Rendah,DALYs (Disability-Adjusted Life Years),2023,12384.948,169.13812,110.67488960384684,230.6473249620787,Rendah
Bahrain,Risiko Sedang,DALYs (Disability-Adjusted Life Years),2023,57819.906,1986.9291,27.65704532602735,732.8124494664718,Tinggi
Serbia,Risiko Rendah,DALYs (Disability-Adjusted Life Years),2023,25735.24,80.54708,29.804327831110655,446.88890073588254,Sedang
Nikaragua,Risiko Rendah,DALYs (Disability-Adjusted Life Years),2023,15136.696,102.52181,144.1129297681092,341.0927816460281,Sedang
Austria,Risiko Sedang,DALYs (Disability-Adjusted Life Years),2023,64536.297,110.6451,11.117180840185867,322.28188874205193,Sedang
Fiji,Risiko Rendah,DALYs (Disability-Adjusted Life Years),2023,13194.805,50.582924,176.78864677966024,279.6242233397898,Rendah
Armenia,Risiko Rendah,DALYs (Disability-Adjusted Life Years),2023,19402.752,103.38595,39.70648213521342,275.11129450906907,Rendah
Republik Arab Syria,Risiko Rendah,DALYs (Disability-Adjusted Life Years),2023,15136.696,102.52181,25.93796771854219,335.93217821129707,Sedang
Dominican Republic,Risiko Rendah,DALYs (Disability-Adjusted Life Years),2023,23282.49,238.39745,154.64144707342993,302.3791463555092,Sedang
Bosnia dan Herzegovina,Risiko Rendah,DALYs (Disability-Adjusted Life Years),2023,15136.696,102.52181,72.17644450841956,288.1728327681451,Sedang
Iran (Republik Islam),Risiko Rendah,DALYs (Disability-Adjusted Life Years),2023,15136.696,102.52181,33.7732007097573,239.41027870562036,Rendah
Slovenia,Risiko Sedang,DALYs (Disability-Adjusted Life Years),2023,47977.426,105.20222,12.735695614887334,621.4335519317915,Sedang
Venezuela (Republik Bolivarian),Risiko Rendah,DALYs (Disability-Adjusted Life Years),2023,15136.696,102.52181,165.87054949241588,289.3286652903847,Sedang
Marshall Islands,Risiko Rendah,DALYs (Disability-Adjusted Life Years),2023,6801.6147,215.82777,1962.1196655265235,954.1685929955936,Tinggi
Georgia,Risiko Rendah,DALYs (Disability-Adjusted Life Years),2023,22590.53,54.79197,90.91425872152773,381.34112776511995,Sedang
Liberia,Risiko Rendah,DALYs (Disability-Adjusted Life Years),2023,1616.9237,57.02902,1037.0019907485098,1057.6413637264504,Tinggi
Guyana,Risiko Sedang,DALYs (Disability-Adjusted Life Years),2023,49312.36,4.1979017,218.05212635537487,649.2522440195752,Sedang
Kroasia,Risiko Rendah,DALYs (Disability-Adjusted Life Years),2023,15136.696,102.52181,24.067849532761326,314.68665414213586,Sedang
Portugal,Risiko Rendah,DALYs (Disability-Adjusted Life Years),2023,41768.254,113.86569,40.76105519932692,483.9254790178135,Sedang
Mauritania,Risiko Rendah,DALYs (Disability-Adjusted Life Years),2023,6276.475,4.8728456,541.766063627977,461.0061924492433,Sedang
Burkina Faso,Risiko Rendah,DALYs (Disability-Adjusted Life Years),2023,2486.2068,84.15854,765.0263814320043,785.6311690866893,Tinggi
Sweden,Risiko Sedang,DALYs (Disability-Adjusted Life Years),2023,62662.766,25.906998,11.436938161426323,560.3733001816234,Sedang
Uganda,Risiko Rendah,DALYs (Disability-Adjusted Life Years),2023,2791.0557,242.65213,784.5030976201341,799.3975945468649,Tinggi
Afganistan,Risiko Rendah,DALYs (Disability-Adjusted Life Years),2023,15136.696,102.52181,726.6627947909226,436.4866857924109,Sedang
Tuvalu,Risiko Rendah,DALYs (Disability-Adjusted Life Years),2023,5812.3994,327.9,1779.77550011565,974.2184715686299,Tinggi
Cabo Verde,Risiko Rendah,DALYs (Disability-Adjusted Life Years),2023,15136.696,102.52181,268.2174735189062,316.79798724513614,Sedang
Greece,Risiko Rendah,DALYs (Disability-Adjusted Life Years),2023,36700.51,79.464005,15.661691242602952,471.75847854605627,Sedang
Monako,Risiko Rendah,DALYs (Disability-Adjusted Life Years),2023,15136.696,102.52181,30.24692741497576,447.5758516857035,Sedang
Bhutan,Risiko Rendah,DALYs (Disability-Adjusted Life Years),2023,14610.296,20.618406,798.948132719911,743.6742233063767,Tinggi
Niue,Risiko Rendah,DALYs (Disability-Adjusted Life Years),2023,15136.696,7.080769,232.39243007826227,364.36577038610653,Sedang
Eritrea,Risiko Rendah,DALYs (Disability-Adjusted Life Years),2023,15136.696,28.671242,2673.7225263647515,1065.6251416540085,Tinggi
Guinea,Risiko Rendah,DALYs (Disability-Adjusted Life Years),2023,3904.824,58.625546,1948.8172180149147,1192.8618343032522,Tinggi
Samoa Amerika,Risiko Rendah,DALYs (Disability-Adjusted Life Years),2023,15136.696,102.52181,78.07563878211978,218.51851989327508,Rendah
Palestina,Risiko Rendah,DALYs (Disability-Adjusted Life Years),2023,15136.696,102.52181,33.009619352047295,343.29645614558217,Sedang
Kenya,Risiko Rendah,DALYs (Disability-Adjusted Life Years),2023,5691.825,97.23268,688.9967095175618,615.7067767815344,Sedang
Qatar,Risiko Sedang,DALYs (Disability-Adjusted Life Years),2023,116563.99,259.27643,30.614127345762817,689.0797092615435,Sedang
Malawi,Risiko Rendah,DALYs (Disability-Adjusted Life Years),2023,1649.2987,223.84895,1074.2837715690919,1025.654996323262,Tinggi
Brunei Darussalam,Risiko Tinggi,Prevalensi,2023,15136.696,102.52181,25553.310256031793,27449.162169378527,Tinggi
Polandia,Risiko Tinggi,Prevalensi,2023,15136.696,102.52181,14325.21951149266,17647.823022391785,Tinggi
Mongolia,Risiko Tinggi,Prevalensi,2023,16222.864,2.2034814,20438.46365896707,20113.65594943718,Tinggi
Cina,Risiko Tinggi,Prevalensi,2023,15136.696,102.52181,34545.6420902046,30510.684679035257,Tinggi
Kazakhstan,Risiko Tinggi,Prevalensi,2023,34703.234,7.530507,15954.70254525595,17579.370911012607,Tinggi
Germany,Risiko Sedang,Prevalensi,2023,63039.37,241.98813,5386.314960557121,5632.659631836175,Tinggi
Kiribati,Risiko Tinggi,Prevalensi,2023,3140.5833,163.62962,41508.40973986475,34185.96789844108,Tinggi
Israel,Risiko Sedang,Prevalensi,2023,47527.152,427.7408,5064.9471439277995,5483.394744200363,Tinggi
Guyana,Risiko Tinggi,Prevalensi,2023,49312.36,4.1979017,22263.38566226723,21807.669802004526,Tinggi
Taiwan (Provinsi Tiongkok),Risiko Tinggi,Prevalensi,2023,15136.696,102.52181,34107.27420661984,31399.673539725925,Tinggi
Serbia,Risiko Tinggi,Prevalensi,2023,25735.24,80.54708,13466.2749297261,16535.564335301922,Tinggi
Chili,Risiko Tinggi,Prevalensi,2023,15136.696,102.52181,12951.176585718242,16784.09702986174,Tinggi
Turkmenistan,Risiko Tinggi,Prevalensi,2023,17866.404,15.671349,19339.901226360158,20106.07254559177,Tinggi
Republik Rakyat Demokratik Korea,Risiko Tinggi,Prevalensi,2023,15136.696,102.52181,34272.16837711733,31039.177891944084,Tinggi
Republik Korea,Risiko Tinggi,Prevalensi,2023,15136.696,102.52181,15578.05931320044,18969.222174082166,Tinggi
Vietnam,Risiko Tinggi,Prevalensi,2023,13545.935,320.1752,42598.76321559213,33721.16695401816,Tinggi
Papua New Guinea,Risiko Tinggi,Prevalensi,2023,4205.8477,22.942274,37344.66374651122,32877.92183175133,Tinggi
Argentina,Risiko Tinggi,Prevalensi,2023,27230.396,16.639957,15801.11073757963,17632.975805060232,Tinggi
Guatemala,Risiko Tinggi,Prevalensi,2023,12384.948,169.13812,22437.78192624519,21964.430120333447,Tinggi
Pulau Solomon,Risiko Tinggi,Prevalensi,2023,15136.696,102.52181,37713.46778027672,31033.72434143368,Tinggi
Italy,Risiko Sedang,Prevalensi,2023,52870.324,201.20403,9909.76176091886,7654.841857878399,Tinggi
Japan,Risiko Tinggi,Prevalensi,2023,45858.66,341.20972,15524.31893644185,18711.3371292721,Tinggi
Tajikistan,Risiko Tinggi,Prevalensi,2023,4472.324,74.85991,21012.81914210324,20720.09230146516,Tinggi
Greece,Risiko Rendah,Prevalensi,2023,36700.51,79.464005,5751.04145048278,6030.457167267508,Tinggi
Etiopia,Risiko Tinggi,Prevalensi,2023,15136.696,102.52181,31674.03348141496,29110.463329275968,Tinggi
Afganistan,Risiko Tinggi,Prevalensi,2023,15136.696,102.52181,14473.86526174862,17933.58058189104,Tinggi
Panama,Risiko Tinggi,Prevalensi,2023,35872.95,60.10728,16592.56053306174,18266.596071938468,Tinggi
Luksemburg,Risiko Rendah,Prevalensi,2023,15136.696,102.52181,5331.882611808271,6216.20599636022,Tinggi
Gabon,Risiko Tinggi,Prevalensi,2023,18701.422,9.643304,20444.92154019829,21119.027380021824,Tinggi
Kuwait,Risiko Sedang,Prevalensi,2023,47777.402,271.53653,10893.046050288389,8580.422540308478,Tinggi
Montenegro,Risiko Tinggi,Prevalensi,2023,27243.518,47.104313,12471.03777628724,16827.246266986764,Tinggi
Austria,Risiko Sedang,Prevalensi,2023,64536.297,110.6451,5324.02342954459,5671.884657242946,Tinggi
Slovenia,Risiko Sedang,Prevalensi,2023,47977.426,105.20222,10104.49524330186,8017.816356883107,Tinggi
Islandia,Risiko Rendah,Prevalensi,2023,15136.696,102.52181,4692.689788998719,6233.555480929894,Tinggi
Malaysia,Risiko Tinggi,Prevalensi,2023,32857.668,106.913086,29154.26816259862,26563.462477005036,Tinggi
United States,Risiko Sedang,Prevalensi,2023,74158.72,37.54909,12928.835511042442,8514.69930075621,Tinggi
Bulgaria,Risiko Tinggi,Prevalensi,2023,33073.816,62.59953,15935.18423093222,17187.897195416313,Tinggi
Mikronesia (Negara Federasi),Risiko Tinggi,Prevalensi,2023,15136.696,102.52181,37029.78138630813,31276.187146532302,Tinggi
Azerbaijan,Risiko Tinggi,Prevalensi,2023,21310.738,124.84222,19159.343778030492,20058.89767563075,Tinggi
Spain,Risiko Sedang,Prevalensi,2023,47322.594,95.87431,2365.6389533122697,5023.96647269122,Tinggi
Antigua dan Barbuda,Risiko Tinggi,Prevalensi,2023,15136.696,102.52181,16230.64456172379,18247.656273512548,Tinggi
Finland,Risiko Sedang,Prevalensi,2023,56250.88,18.428122,5218.23417386095,5620.441664558349,Tinggi
Federasi Rusia,Risiko Tinggi,Prevalensi,2023,15136.696,102.52181,15549.116121743158,19196.565133219516,Tinggi
Vanuatu,Risiko Tinggi,Prevalensi,2023,3214.7024,26.285645,37394.27695482428,32960.13118047533,Tinggi
Selandia Baru,Risiko Rendah,Prevalensi,2023,15136.696,102.52181,10482.16937635828,9382.70711410697,Tinggi
Nauru,Risiko Tinggi,Prevalensi,2023,12372.5205,595.0,34701.62367743319,33501.46968006894,Tinggi
Kamboja,Risiko Tinggi,Prevalensi,2023,15136.696,102.52181,31134.458555520177,29646.752744427697,Tinggi
Jamaika,Risiko Tinggi,Prevalensi,2023,15136.696,102.52181,16665.64174600355,18039.10950274513,Tinggi
Mexico,Risiko Tinggi,Prevalensi,2023,21917.248,66.74027,21963.69631077318,21748.848837713493,Tinggi
Bhutan,Risiko Rendah,Prevalensi,2023,14610.296,20.618406,5609.10744129867,6414.257263301655,Tinggi
Kosta Rika,Risiko Tinggi,Prevalensi,2023,15136.696,102.52181,15679.02353922514,18585.473009650843,Tinggi
Aljazair,Risiko Rendah,Prevalensi,2023,15136.696,102.52181,9139.797903732031,8025.101244540869,Tinggi
Gambia,Risiko Tinggi,Prevalensi,2023,2963.5986,266.58557,13729.2928754486,18230.957010666993,Tinggi
Myanmar,Risiko Tinggi,Prevalensi,2023,5364.138,82.94207,36015.22536034688,32343.299550305466,Tinggi
Siprus,Risiko Rendah,Prevalensi,2023,15136.696,102.52181,5422.746749087861,6326.178162296831,Tinggi
Indonesia,Risiko Tinggi,Prevalensi,2023,13889.975,148.57692,36218.06050998641,32907.14104312636,Tinggi
Libya,Risiko Tinggi,Prevalensi,2023,12476.598,4.1520276,15209.85181803309,18008.198027881444,Tinggi
Burundi,Risiko Tinggi,Prevalensi,2023,1036.1671,533.0785,22237.00890725048,22395.998997579212,Tinggi
Swiss,Risiko Rendah,Prevalensi,2023,15136.696,102.52181,4949.67984430692,6386.5526203714635,Tinggi
Barbados,Risiko Tinggi,Prevalensi,2023,21318.672,656.6209,16357.33094918054,18679.545750502602,Tinggi
Oman,Risiko Rendah,Prevalensi,2023,37793.617,16.314272,11914.2681003101,8658.307204329325,Tinggi
Guam,Risiko Tinggi,Prevalensi,2023,15136.696,308.37408,28309.23719418183,28315.00052969446,Tinggi
Czechia,Risiko Sedang,Prevalensi,2023,47558.41,140.0462,11539.05373691535,8688.951527746462,Tinggi
Kepulauan Mariana Utara,Risiko Tinggi,Prevalensi,2023,15136.696,102.52181,29264.9709252466,28568.845776127284,Tinggi
Republik Afrika Tengah,Risiko Tinggi,Prevalensi,2023,15136.696,102.52181,30321.04559066207,30235.756972271232,Tinggi
Uruguay,Risiko Tinggi,Prevalensi,2023,31059.254,19.358261,14623.35825252778,17794.50641189066,Tinggi
Malta,Risiko Sedang,Prevalensi,2023,60418.395,1665.5125,5643.53714588071,6847.544213318835,Tinggi
Grenada,Risiko Tinggi,Prevalensi,2023,17093.156,344.3941,18593.96265153764,20939.706418661248,Tinggi
Fiji,Risiko Tinggi,Prevalensi,2023,13194.805,50.582924,35605.14539624141,32581.189970740747,Tinggi
Georgia,Risiko Tinggi,Prevalensi,2023,22590.53,54.79197,17927.03656734384,19251.508442411337,Tinggi
Komoro,Risiko Tinggi,Prevalensi,2023,15136.696,102.52181,20367.995614209387,20052.066134461154,Tinggi
Kenya,Risiko Tinggi,Prevalensi,2023,5691.825,97.23268,26210.179090560137,26359.53711375949,Tinggi
Zimbabwe,Risiko Tinggi,Prevalensi,2023,5218.0225,42.240738,10790.57659516967,18556.69139401983,Tinggi
Irak,Risiko Tinggi,Prevalensi,2023,15136.696,102.52181,12281.31535733587,16947.15872979211,Tinggi
Zambia,Risiko Tinggi,Prevalensi,2023,3673.4841,27.877651,16916.30621581939,19258.84839247946,Tinggi
Djibouti,Risiko Tinggi,Prevalensi,2023,6510.6787,49.73904,17750.18044263745,20447.968611444307,Tinggi
Palestina,Risiko Tinggi,Prevalensi,2023,15136.696,102.52181,11702.05880515489,16772.263869391532,Tinggi
Uzbekistan,Risiko Tinggi,Prevalensi,2023,10007.686,80.907906,19374.11217840114,19721.453003189716,Tinggi
Irlandia,Risiko Rendah,Prevalensi,2023,15136.696,102.52181,4865.22345917238,6354.131862620955,Tinggi
Bangladesh,Risiko Sedang,Prevalensi,2023,8242.398,1317.2543,6812.123870226269,6698.6617664547575,Tinggi
South Africa,Risiko Tinggi,Prevalensi,2023,13695.376,52.10857,44059.62182002664,34076.13584617221,Tinggi
Singapura,Risiko Tinggi,Prevalensi,2023,15136.696,102.52181,15880.94748661017,18964.789438911037,Tinggi
Yordania,Risiko Rendah,Prevalensi,2023,15136.696,102.52181,2350.39186487561,5362.952825238709,Tinggi
Guinea,Risiko Tinggi,Prevalensi,2023,3904.824,58.625546,18225.94305800593,20730.512321558494,Tinggi
Saint Vincent dan Grenadines,Risiko Tinggi,Prevalensi,2023,15136.696,102.52181,19491.676633319,19505.03867763136,Tinggi
Nepal,Risiko Tinggi,Prevalensi,2023,4861.2305,207.14764,13053.624308805951,18336.59436199241,Tinggi
Srilanka,Risiko Tinggi,Prevalensi,2023,15136.696,102.52181,28523.63565750678,26960.615509664687,Tinggi
Albania,Risiko Tinggi,Prevalensi,2023,20481.035,102.615326,14317.21987877094,17227.941253821595,Tinggi
Egypt,Risiko Tinggi,Prevalensi,2023,16691.387,115.05929,25319.16702165681,26459.338714631154,Tinggi
Niger,Risiko Tinggi,Prevalensi,2023,1689.5642,20.65198,17646.36824981527,19697.311189260745,Tinggi
Norway,Risiko Sedang,Prevalensi,2023,90085.44,15.151308,5387.70318554513,5690.26479703243,Tinggi
Seychelles,Risiko Tinggi,Prevalensi,2023,28635.355,278.1761,31017.32931008991,30087.784982795638,Tinggi
Rumania,Risiko Tinggi,Prevalensi,2023,15136.696,102.52181,14459.53208550058,17895.547127355654,Tinggi
Venezuela (Republik Bolivarian),Risiko Tinggi,Prevalensi,2023,15136.696,102.52181,21271.42653000919,19386.399267231092,Tinggi
El Salvador,Risiko Tinggi,Prevalensi,2023,11424.6455,304.51877,18781.66803824776,21318.313091596858,Tinggi
Pantai Gading,Risiko Tinggi,Prevalensi,2023,15136.696,102.52181,16155.32311251027,19615.224018887944,Tinggi
Malawi,Risiko Tinggi,Prevalensi,2023,1649.2987,223.84895,11480.49146740834,17778.043823189164,Tinggi
Trinidad dan Tobago,Risiko Tinggi,Prevalensi,2023,15136.696,102.52181,18334.545360271302,19585.85903787044,Tinggi
Makedonia Utara,Risiko Tinggi,Prevalensi,2023,15136.696,102.52181,14781.908221219059,17449.607066860102,Tinggi
Liberia,Risiko Tinggi,Prevalensi,2023,1616.9237,57.02902,16615.69196059559,19501.98504721357,Tinggi
Kuba,Risiko Tinggi,Prevalensi,2023,15136.696,102.52181,13938.35447094279,17769.79849046466,Tinggi
Republik Demokrasi Kongo,Risiko Tinggi,Prevalensi,2023,15136.696,102.52181,24224.33231673228,26677.01784818972,Tinggi
Brazil,Risiko Tinggi,Prevalensi,2023,19079.812,25.261688,22764.380872507438,22159.59639970221,Tinggi
Samoa Amerika,Risiko Tinggi,Prevalensi,2023,15136.696,102.52181,32605.554176884973,29927.22895283615,Tinggi
Mauritania,Risiko Tinggi,Prevalensi,2023,6276.475,4.8728456,13522.56042016429,18386.277272012783,Tinggi
Saudi Arabia,Risiko Tinggi,Prevalensi,2023,64481.844,15.473994,14931.6435099804,17659.719866220643,Tinggi
Benin,Risiko Tinggi,Prevalensi,2023,3721.2126,125.142204,16017.76719084355,19682.461520002755,Tinggi
Kepulauan Cook,Risiko Tinggi,Prevalensi,2023,15136.696,102.52181,23799.66071849912,22537.553714460162,Tinggi
Saint Kitts dan Nevis,Risiko Tinggi,Prevalensi,2023,15136.696,102.52181,18659.55387326207,19703.4390718176,Tinggi
Timor-Leste,Risiko Tinggi,Prevalensi,2023,15136.696,102.52181,35025.69409827033,30526.203689813447,Tinggi
Sao Tome dan Principe,Risiko Tinggi,Prevalensi,2023,15136.696,102.52181,14261.233081671578,17635.106136347677,Tinggi
Haiti,Risiko Tinggi,Prevalensi,2023,2965.9463,422.25696,28625.7809794157,30959.49380010794,Tinggi
Monako,Risiko Rendah,Prevalensi,2023,15136.696,102.52181,5286.901076897399,6266.214587845246,Tinggi
Sudan Selatan,Risiko Tinggi,Prevalensi,2023,15136.696,102.52181,20785.39215102013,20263.53011773366,Tinggi
Republik Persatuan Tanzania,Risiko Tinggi,Prevalensi,2023,15136.696,102.52181,11803.71521663069,17462.277604458857,Tinggi
Dominican Republic,Risiko Tinggi,Prevalensi,2023,23282.49,238.39745,19034.7258332643,20352.418339395128,Tinggi
Mozambik,Risiko Tinggi,Prevalensi,2023,15136.696,102.52181,20820.167278671688,19714.058227833364,Tinggi
Libanon,Risiko Tinggi,Prevalensi,2023,15136.696,102.52181,11344.95306261207,17698.365927209208,Tinggi
Uganda,Risiko Tinggi,Prevalensi,2023,2791.0557,242.65213,31973.298249865962,32256.46389820037,Tinggi
Australia,Risiko Sedang,Prevalensi,2023,60684.96,3.438775,9021.42129590069,8575.669109568373,Tinggi
Kirgistan,Risiko Tinggi,Prevalensi,2023,15136.696,102.52181,17215.41934302938,19411.643084610314,Tinggi
Marshall Islands,Risiko Tinggi,Prevalensi,2023,6801.6147,215.82777,38492.08521725105,33551.72343478072,Tinggi
Tunisia,Risiko Tinggi,Prevalensi,2023,12650.962,78.53008,13203.42701913848,17999.502105280768,Tinggi
Sierra Leone,Risiko Tinggi,Prevalensi,2023,3034.946,117.214226,18000.91640763331,20386.640834644357,Tinggi
Tokelau,Risiko Tinggi,Prevalensi,2023,15136.696,242.4,32586.27755211822,30097.710075853298,Tinggi
Kamerun,Risiko Tinggi,Prevalensi,2023,15136.696,102.52181,16060.113930983069,19003.711329562895,Tinggi
Palau,Risiko Tinggi,Prevalensi,2023,16425.973,38.58913,34436.88430730039,30662.86395539136,Tinggi
Honduras,Risiko Tinggi,Prevalensi,2023,6467.88,95.136765,24138.058622444318,24977.489593331524,Tinggi
India,Risiko Tinggi,Prevalensi,2023,9301.756,483.679,27615.70052307514,28139.46797139149,Tinggi
Kanada,Risiko Rendah,Prevalensi,2023,15136.696,102.52181,10190.50497065723,8754.770735481521,Tinggi
Eritrea,Risiko Tinggi,Prevalensi,2023,15136.696,28.671242,23244.711047300272,23474.342660424965,Tinggi
Ghana,Risiko Tinggi,Prevalensi,2023,6808.5376,148.49677,18886.28251782605,22447.258777389292,Tinggi
Kepulauan Virgin Amerika Serikat,Risiko Tinggi,Prevalensi,2023,15136.696,102.52181,16685.77109551946,18233.056307328654,Tinggi
Chad,Risiko Tinggi,Prevalensi,2023,2433.0989,15.34234,18459.882265370838,19781.615718148212,Tinggi
Maroko,Risiko Tinggi,Prevalensi,2023,15136.696,102.52181,17177.44530785886,18711.594498734317,Tinggi
Uni Emirat Arab,Risiko Tinggi,Prevalensi,2023,15136.696,102.52181,28344.5340717329,28447.39239860755,Tinggi
Nikaragua,Risiko Tinggi,Prevalensi,2023,15136.696,102.52181,19160.70665145115,19425.208240448203,Tinggi
Niue,Risiko Tinggi,Prevalensi,2023,15136.696,7.080769,32327.45123289192,30013.62161802037,Tinggi
Saint Lucia,Risiko Tinggi,Prevalensi,2023,23403.744,293.91968,18495.2588958818,20151.794144861797,Tinggi
Slovakia,Risiko Tinggi,Prevalensi,2023,39518.223,114.76824,13496.854743873671,16613.418737137436,Tinggi
Pakistan,Risiko Tinggi,Prevalensi,2023,5418.7695,321.06747,12783.48486019791,18875.52173558692,Tinggi
Guinea-Bissau,Risiko Tinggi,Prevalensi,2023,2693.7766,76.57692,19696.56071081584,20305.66194671766,Tinggi
Suriname,Risiko Tinggi,Prevalensi,2023,19020.867,4.031359,21327.57599365496,20714.359975125313,Tinggi
Mali,Risiko Tinggi,Prevalensi,2023,2860.4282,19.47986,16788.4991273104,19948.4952007594,Tinggi
Maladewa,Risiko Tinggi,Prevalensi,2023,15136.696,102.52181,27346.13442970736,27084.786186854566,Tinggi
Samoa,Risiko Tinggi,Prevalensi,2023,7383.7456,77.939926,30729.698167411152,29435.426032522293,Tinggi
Andorra,Risiko Sedang,Prevalensi,2023,64631.297,172.0617,5421.58907231977,5601.6715093316825,Tinggi
Ukraina,Risiko Tinggi,Prevalensi,2023,15136.696,102.52181,18310.0993281868,20850.73219141349,Tinggi
Bosnia dan Herzegovina,Risiko Tinggi,Prevalensi,2023,15136.696,102.52181,14567.09872218526,17722.561865625168,Tinggi
Belize,Risiko Tinggi,Prevalensi,2023,12371.009,18.023323,17768.30426802619,19361.06970694722,Tinggi
Kolumbia,Risiko Tinggi,Prevalensi,2023,15136.696,102.52181,16811.68338317599,19009.48749811147,Tinggi
Netherlands,Risiko Sedang,Prevalensi,2023,70198.93,537.3486,4926.19301991279,5332.913162404103,Tinggi
Filipina,Risiko Tinggi,Prevalensi,2023,15136.696,102.52181,39974.679813305556,31105.15810405355,Tinggi
Paraguay,Risiko Tinggi,Prevalensi,2023,15826.088,17.226654,18881.12337071268,21347.489417309243,Tinggi
Republik Demokratik Rakyat Laos,Risiko Tinggi,Prevalensi,2023,15136.696,102.52181,15057.111206355132,17449.839139305474,Tinggi
Tonga,Risiko Tinggi,Prevalensi,2023,7030.419,145.29584,30320.94055393756,31347.18385721567,Tinggi
Bahama,Risiko Tinggi,Prevalensi,2023,15136.696,102.52181,18317.64988505054,19608.407849367784,Tinggi
Belgium,Risiko Sedang,Prevalensi,2023,63095.402,386.8194,5292.16579810421,5376.79796715156,Tinggi
Kroasia,Risiko Tinggi,Prevalensi,2023,15136.696,102.52181,11271.7053398015,17365.151503074107,Tinggi
Dominica,Risiko Tinggi,Prevalensi,2023,18278.225,88.708,20719.998424927082,20416.934064164245,Tinggi
Turkey,Risiko Tinggi,Prevalensi,2023,35069.17,113.3928,17673.41840153206,18132.61610312645,Tinggi
Qatar,Risiko Sedang,Prevalensi,2023,116563.99,259.27643,11393.877691595319,9570.159375381136,Tinggi
Madagaskar,Risiko Tinggi,Prevalensi,2023,15136.696,102.52181,20578.35598133082,20292.339388097633,Tinggi
Portugal,Risiko Rendah,Prevalensi,2023,41768.254,113.86569,5700.53367159241,5590.3070594003275,Tinggi
Thailand,Risiko Tinggi,Prevalensi,2023,21191.453,140.34808,27510.08310053818,27253.77186005263,Tinggi
Republik Arab Syria,Risiko Tinggi,Prevalensi,2023,15136.696,102.52181,12653.03719624534,17021.356864218615,Tinggi
Cabo Verde,Risiko Tinggi,Prevalensi,2023,15136.696,102.52181,12863.974361729292,17773.948645006287,Tinggi
Angola,Risiko Tinggi,Prevalensi,2023,8788.261,29.477749,22650.501455631682,23145.788097029388,Tinggi
Burkina Faso,Risiko Tinggi,Prevalensi,2023,2486.2068,84.15854,17276.44437534057,19241.25757918127,Tinggi
Armenia,Risiko Tinggi,Prevalensi,2023,19402.752,103.38595,15969.81355934374,17901.176324279633,Tinggi
Hungaria,Risiko Tinggi,Prevalensi,2023,15136.696,102.52181,12916.07808494201,17425.84560129326,Tinggi
Bahrain,Risiko Sedang,Prevalensi,2023,57819.906,1986.9291,12785.63216727532,9570.778451647886,Tinggi
Denmark,Risiko Sedang,Prevalensi,2023,69379.22,148.70335,5410.35951975185,5499.394456014575,Tinggi
Yaman,Risiko Tinggi,Prevalensi,2023,15136.696,102.52181,16913.647512858508,17677.14382585626,Tinggi
Kongo,Risiko Tinggi,Prevalensi,2023,15136.696,102.52181,22567.16968277274,23584.005179040036,Tinggi
Sweden,Risiko Sedang,Prevalensi,2023,62662.766,25.906998,6357.66901295411,5402.609906267007,Tinggi
Nigeria,Risiko Tinggi,Prevalensi,2023,7843.8345,250.2091,16139.45836588462,20024.312749283607,Tinggi
Mauritius,Risiko Tinggi,Prevalensi,2023,26635.012,637.75214,30681.231307182326,29915.702216067984,Tinggi
Bermuda,Risiko Sedang,Prevalensi,2023,103052.35,1198.537,11336.86138340712,9782.924909922633,Tinggi
Iran (Republik Islam),Risiko Tinggi,Prevalensi,2023,15136.696,102.52181,27053.34726379755,27234.714039464434,Tinggi
Sudan,Risiko Tinggi,Prevalensi,2023,2181.079,26.789507,16363.659790878279,18585.279857476078,Tinggi
Perancis,Risiko Rendah,Prevalensi,2023,15136.696,102.52181,5065.40619486735,6438.094365138752,Tinggi
Puerto Riko,Risiko Tinggi,Prevalensi,2023,15136.696,102.52181,12646.43991192525,17726.60833990318,Tinggi
Senegal,Risiko Tinggi,Prevalensi,2023,4304.7617,93.89484,15995.785232675269,20387.796438135912,Tinggi
Togo,Risiko Tinggi,Prevalensi,2023,2842.2307,151.20157,16866.92874217384,20866.73524899615,Tinggi
Greenland,Risiko Tinggi,Prevalensi,2023,71037.54,0.13631624,18043.1792498154,18448.666224970573,Tinggi
United Kingdom,Risiko Sedang,Prevalensi,2023,52592.684,283.89603,5913.59868509728,5727.232029115793,Tinggi
Guinea ekuator,Risiko Tinggi,Prevalensi,2023,15136.696,102.52181,18066.82864418034,20512.655087420728,Tinggi
Rwanda,Risiko Tinggi,Prevalensi,2023,3062.999,565.64545,19441.86529183801,21279.189066210973,Tinggi
San Marino,Risiko Sedang,Prevalensi,2023,70951.79,562.68335,5334.56162524661,5402.688846376811,Tinggi
Somalia,Risiko Tinggi,Prevalensi,2023,1401.6473,29.26423,17311.535742528482,20165.78222012586,Tinggi
Tuvalu,Risiko Tinggi,Prevalensi,2023,5812.3994,327.9,35787.02662221996,33994.94894290853,Tinggi
Republik Rakyat Demokratik Korea,Risiko Rendah,Insidensi,2023,15136.696,102.52181,330.35560934141,290.26805578126573,Sedang
Kazakhstan,Risiko Rendah,Insidensi,2023,34703.234,7.530507,47.72312627982,275.1005863241676,Rendah
Fiji,Risiko Rendah,Insidensi,2023,13194.805,50.582924,26.73718851399,111.24077951567978,Rendah
Taiwan (Provinsi Tiongkok),Risiko Rendah,Insidensi,2023,15136.696,102.52181,55.678988992639994,101.67591060583129,Rendah
Brunei Darussalam,Risiko Rendah,Insidensi,2023,15136.696,102.52181,47.78376898873,104.72227811520608,Rendah
Montenegro,Risiko Rendah,Insidensi,2023,27243.518,47.104313,9.21479003797,232.37245134511215,Rendah
Denmark,Risiko Sedang,Insidensi,2023,69379.22,148.70335,3.91203596986,362.78472360421324,Sedang
Spain,Risiko Sedang,Insidensi,2023,47322.594,95.87431,6.05312566804,273.6678432403962,Rendah
Kiribati,Risiko Rendah,Insidensi,2023,3140.5833,163.62962,300.19615868036,421.98844976713866,Sedang
Kirgistan,Risiko Rendah,Insidensi,2023,15136.696,102.52181,65.71648274875,163.46455687532472,Rendah
Japan,Risiko Sedang,Insidensi,2023,45858.66,341.20972,8.887835095969999,242.3230326948819,Rendah
Polandia,Risiko Rendah,Insidensi,2023,15136.696,102.52181,13.983316444169999,159.97361602494422,Rendah
Barbados,Risiko Sedang,Insidensi,2023,21318.672,656.6209,0.83951007124,186.14770682953275,Rendah
Finland,Risiko Sedang,Insidensi,2023,56250.88,18.428122,4.2107986185,336.6672083721135,Sedang
Kamboja,Risiko Rendah,Insidensi,2023,15136.696,102.52181,279.10650772772,356.42024516033683,Sedang
Brazil,Risiko Rendah,Insidensi,2023,19079.812,25.261688,34.93688650172,102.28604269911199,Rendah
Sweden,Risiko Sedang,Insidensi,2023,62662.766,25.906998,4.52584728368,513.1473301079928,Sedang
Marshall Islands,Risiko Rendah,Insidensi,2023,6801.6147,215.82777,434.57726307112,367.74322551200953,Sedang
Palestina,Risiko Rendah,Insidensi,2023,15136.696,102.52181,12.201473557089999,214.261681438374,Rendah
Pakistan,Risiko Rendah,Insidensi,2023,5418.7695,321.06747,167.99023104137,369.9820991590383,Sedang
Saudi Arabia,Risiko Sedang,Insidensi,2023,64481.844,15.473994,22.74457600766,231.63429585152156,Rendah
Perancis,Risiko Rendah,Insidensi,2023,15136.696,102.52181,5.88744296229,304.3798055051022,Sedang
Rumania,Risiko Rendah,Insidensi,2023,15136.696,102.52181,41.65317806049,218.63221470065383,Rendah
Mongolia,Risiko Rendah,Insidensi,2023,16222.864,2.2034814,138.3953902524,211.19966652205923,Rendah
Etiopia,Risiko Rendah,Insidensi,2023,15136.696,102.52181,198.53533670029,282.91002801914334,Sedang
Ghana,Risiko Rendah,Insidensi,2023,6808.5376,148.49677,177.91270193382,356.20777441056106,Sedang
Belize,Risiko Rendah,Insidensi,2023,12371.009,18.023323,16.42005729176,220.40982163280148,Rendah
Paraguay,Risiko Rendah,Insidensi,2023,15826.088,17.226654,35.664304221879995,103.09372075991769,Rendah
Oman,Risiko Rendah,Insidensi,2023,37793.617,16.314272,12.28970628885,731.9839344745964,Tinggi
Djibouti,Risiko Rendah,Insidensi,2023,6510.6787,49.73904,150.92335836457,260.6353750297162,Rendah
Germany,Risiko Sedang,Insidensi,2023,63039.37,241.98813,4.65263239189,375.2463884044809,Sedang
Swiss,Risiko Rendah,Insidensi,2023,15136.696,102.52181,4.20181153474,419.33209885433376,Sedang
India,Risiko Rendah,Insidensi,2023,9301.756,483.679,154.14229154685,212.21974584137286,Rendah
Kepulauan Virgin Amerika Serikat,Risiko Rendah,Insidensi,2023,15136.696,102.52181,4.21844974145,213.95205093367477,Rendah
Greenland,Risiko Sedang,Insidensi,2023,71037.54,0.13631624,79.98485406848,571.6075325304988,Sedang
Kenya,Risiko Rendah,Insidensi,2023,5691.825,97.23268,154.60929407745,219.6321872217121,Rendah
Guinea,Risiko Rendah,Insidensi,2023,3904.824,58.625546,218.71308620193,494.0366603346533,Sedang
Kuba,Risiko Rendah,Insidensi,2023,15136.696,102.52181,4.99757730567,159.44768856563618,Rendah
Qatar,Risiko Sedang,Insidensi,2023,116563.99,259.27643,25.13796090997,637.7613129675525,Sedang
Eritrea,Risiko Rendah,Insidensi,2023,15136.696,28.671242,348.25772724902,441.449086980241,Sedang
United Kingdom,Risiko Sedang,Insidensi,2023,52592.684,283.89603,7.309656042209999,370.80797053523105,Sedang
Guinea-Bissau,Risiko Rendah,Insidensi,2023,2693.7766,76.57692,203.04959066959,612.5532524200365,Sedang
Guam,Risiko Rendah,Insidensi,2023,15136.696,308.37408,27.780216562179998,185.35824139317472,Rendah
Nepal,Risiko Rendah,Insidensi,2023,4861.2305,207.14764,127.70483942253,272.4479771647257,Rendah
Sudan Selatan,Risiko Rendah,Insidensi,2023,15136.696,102.52181,279.4640097777,371.3861507495232,Sedang
Tajikistan,Risiko Rendah,Insidensi,2023,4472.324,74.85991,76.94770573564,141.792866826915,Rendah
Indonesia,Risiko Rendah,Insidensi,2023,13889.975,148.57692,158.28938777096,269.83084999610134,Rendah
Grenada,Risiko Rendah,Insidensi,2023,17093.156,344.3941,3.99912306841,217.8651177859394,Rendah
Mikronesia (Negara Federasi),Risiko Rendah,Insidensi,2023,15136.696,102.52181,79.73934768390001,108.69436210944578,Rendah
Kolumbia,Risiko Rendah,Insidensi,2023,15136.696,102.52181,24.12600438227,158.6325137114187,Rendah
Serbia,Risiko Rendah,Insidensi,2023,25735.24,80.54708,7.467034138520001,248.10259599169106,Rendah
Turkmenistan,Risiko Rendah,Insidensi,2023,17866.404,15.671349,47.42312846602,193.12247060648778,Rendah
Aljazair,Risiko Rendah,Insidensi,2023,15136.696,102.52181,74.30479773773,610.2356632796987,Sedang
Republik Demokratik Rakyat Laos,Risiko Rendah,Insidensi,2023,15136.696,102.52181,117.64797266574001,342.57339057309264,Sedang
Republik Arab Syria,Risiko Rendah,Insidensi,2023,15136.696,102.52181,6.57863844596,213.44914193252188,Rendah
Guyana,Risiko Sedang,Insidensi,2023,49312.36,4.1979017,32.737742760749995,570.8847127095029,Sedang
Kosta Rika,Risiko Rendah,Insidensi,2023,15136.696,102.52181,8.50876709233,163.44591810623706,Rendah
Republik Korea,Risiko Rendah,Insidensi,2023,15136.696,102.52181,41.04538423563,180.90420643699173,Rendah
Uzbekistan,Risiko Rendah,Insidensi,2023,10007.686,80.907906,46.69198600648,189.0700298867179,Rendah
Slovakia,Risiko Rendah,Insidensi,2023,39518.223,114.76824,4.02809725833,173.53290961171257,Rendah
Papua New Guinea,Risiko Rendah,Insidensi,2023,4205.8477,22.942274,113.99460716218,234.1766380792304,Rendah
South Africa,Risiko Rendah,Insidensi,2023,13695.376,52.10857,426.7313123852,272.687167717744,Rendah
Dominica,Risiko Rendah,Insidensi,2023,18278.225,88.708,13.43892713928,186.9051960834668,Rendah
Argentina,Risiko Rendah,Insidensi,2023,27230.396,16.639957,16.66157054164,177.74661644152945,Rendah
Madagaskar,Risiko Rendah,Insidensi,2023,15136.696,102.52181,228.6085919372,297.6812643416077,Sedang
Angola,Risiko Rendah,Insidensi,2023,8788.261,29.477749,223.91163623731,162.95114346158869,Rendah
Bahrain,Risiko Sedang,Insidensi,2023,57819.906,1986.9291,9.964049285709999,695.8736547231836,Tinggi
Bulgaria,Risiko Rendah,Insidensi,2023,33073.816,62.59953,12.394020117530001,222.26900322022638,Rendah
Albania,Risiko Rendah,Insidensi,2023,20481.035,102.615326,9.19167381578,187.9275236673176,Rendah
Myanmar,Risiko Rendah,Insidensi,2023,5364.138,82.94207,191.38537061995999,275.1715226972262,Rendah
Tonga,Risiko Rendah,Insidensi,2023,7030.419,145.29584,31.34750473367,115.1100554975938,Rendah
Greece,Risiko Rendah,Insidensi,2023,36700.51,79.464005,3.86711017243,280.62411594183965,Rendah
Liberia,Risiko Rendah,Insidensi,2023,1616.9237,57.02902,177.8032638713,430.8854839771259,Sedang
Selandia Baru,Risiko Rendah,Insidensi,2023,15136.696,102.52181,5.67193318803,915.7783349176227,Tinggi
Malaysia,Risiko Rendah,Insidensi,2023,32857.668,106.913086,47.05616622887,163.7681972383166,Rendah
Tunisia,Risiko Rendah,Insidensi,2023,12650.962,78.53008,136.91094160168,198.02541974770492,Rendah
El Salvador,Risiko Rendah,Insidensi,2023,11424.6455,304.51877,36.7070262392,173.91613138055948,Rendah
Australia,Risiko Sedang,Insidensi,2023,60684.96,3.438775,5.21259154402,815.4054048036019,Tinggi
Israel,Risiko Sedang,Insidensi,2023,47527.152,427.7408,2.46505873972,359.55891471023756,Sedang
Haiti,Risiko Rendah,Insidensi,2023,2965.9463,422.25696,230.05068857168,464.65386687455606,Sedang
Uruguay,Risiko Rendah,Insidensi,2023,31059.254,19.358261,31.33040657417,197.60614285006898,Rendah
Slovenia,Risiko Sedang,Insidensi,2023,47977.426,105.20222,4.98845420426,581.5384937698495,Sedang
Singapura,Risiko Rendah,Insidensi,2023,15136.696,102.52181,36.15497437461,94.40581844242641,Rendah
Zimbabwe,Risiko Rendah,Insidensi,2023,5218.0225,42.240738,355.60311427943003,284.0938019307628,Sedang
Samoa,Risiko Rendah,Insidensi,2023,7383.7456,77.939926,47.39597046227,198.72383150610173,Rendah
Filipina,Risiko Rendah,Insidensi,2023,15136.696,102.52181,358.7702848451,360.6605157255099,Sedang
Guatemala,Risiko Rendah,Insidensi,2023,12384.948,169.13812,19.0053605092,91.85122228517203,Rendah
Republik Afrika Tengah,Risiko Rendah,Insidensi,2023,15136.696,102.52181,393.70383050361,271.3777399117071,Rendah
Dominican Republic,Risiko Rendah,Insidensi,2023,23282.49,238.39745,29.43626891076,163.8840851241431,Rendah
Sudan,Risiko Rendah,Insidensi,2023,2181.079,26.789507,70.24682854906,306.0622947005085,Sedang
Cina,Risiko Rendah,Insidensi,2023,15136.696,102.52181,45.58549367299,174.33541527566575,Rendah
Vanuatu,Risiko Rendah,Insidensi,2023,3214.7024,26.285645,61.64648730165,161.06022166837988,Rendah
Bosnia dan Herzegovina,Risiko Rendah,Insidensi,2023,15136.696,102.52181,17.60934380241,159.13805806093694,Rendah
Armenia,Risiko Rendah,Insidensi,2023,19402.752,103.38595,17.88176212398,158.45397189196783,Rendah
Timor-Leste,Risiko Rendah,Insidensi,2023,15136.696,102.52181,422.72107355873,428.0506575253298,Sedang
Federasi Rusia,Risiko Rendah,Insidensi,2023,15136.696,102.52181,66.82524830608,97.03441502653169,Rendah
Monako,Risiko Rendah,Insidensi,2023,15136.696,102.52181,5.94181146592,340.542402562102,Sedang
Malawi,Risiko Rendah,Insidensi,2023,1649.2987,223.84895,171.95270152999,396.2087630665202,Sedang
Chili,Risiko Rendah,Insidensi,2023,15136.696,102.52181,13.687473255890001,215.77987168769738,Rendah
Egypt,Risiko Rendah,Insidensi,2023,16691.387,115.05929,7.2742769533,195.51823914706173,Rendah
Islandia,Risiko Rendah,Insidensi,2023,15136.696,102.52181,4.59205819045,324.8110775601841,Sedang
Kroasia,Risiko Rendah,Insidensi,2023,15136.696,102.52181,7.49018096885,185.65187943492765,Rendah
Mali,Risiko Rendah,Insidensi,2023,2860.4282,19.47986,170.78536147926,441.48174892962095,Sedang
Nigeria,Risiko Rendah,Insidensi,2023,7843.8345,250.2091,165.69446584669998,347.2040941493398,Sedang
Turkey,Risiko Rendah,Insidensi,2023,35069.17,113.3928,10.74323804552,194.0168869703919,Rendah
Maladewa,Risiko Rendah,Insidensi,2023,15136.696,102.52181,47.91706353249,94.44151931756221,Rendah
Nikaragua,Risiko Rendah,Insidensi,2023,15136.696,102.52181,37.62582029984,226.03155880700757,Rendah
Austria,Risiko Sedang,Insidensi,2023,64536.297,110.6451,4.66966442572,288.93856900854297,Sedang
Andorra,Risiko Sedang,Insidensi,2023,64631.297,172.0617,24.85019714331,316.21638420867816,Sedang
Mozambik,Risiko Rendah,Insidensi,2023,15136.696,102.52181,250.04442267024,409.52546914614686,Sedang
Uni Emirat Arab,Risiko Rendah,Insidensi,2023,15136.696,102.52181,9.71166314326,93.54592348494052,Rendah
Benin,Risiko Rendah,Insidensi,2023,3721.2126,125.142204,153.56070593362,404.66087379358817,Sedang
Italy,Risiko Sedang,Insidensi,2023,52870.324,201.20403,6.216602612800001,673.7668684503519,Sedang
Pulau Solomon,Risiko Rendah,Insidensi,2023,15136.696,102.52181,67.18301325768,112.20466228830811,Rendah
Saint Vincent dan Grenadines,Risiko Rendah,Insidensi,2023,15136.696,102.52181,8.523253062890001,162.32282250594773,Rendah
Netherlands,Risiko Sedang,Insidensi,2023,70198.93,537.3486,3.6994964226500002,382.1348145088075,Sedang
Antigua dan Barbuda,Risiko Rendah,Insidensi,2023,15136.696,102.52181,5.36956725599,168.25219642555788,Rendah
Nauru,Risiko Rendah,Insidensi,2023,12372.5205,595.0,222.93276551445,255.80457507848965,Rendah
Mauritius,Risiko Sedang,Insidensi,2023,26635.012,637.75214,18.21565837017,74.94230262454357,Rendah
Mauritania,Risiko Rendah,Insidensi,2023,6276.475,4.8728456,102.87065016752999,222.2252253012098,Rendah
Irlandia,Risiko Rendah,Insidensi,2023,15136.696,102.52181,4.17130205184,306.8342421767427,Sedang
Honduras,Risiko Rendah,Insidensi,2023,6467.88,95.136765,28.4148017947,191.34260643945402,Rendah
Kongo,Risiko Rendah,Insidensi,2023,15136.696,102.52181,191.44769793467,142.13165744696778,Rendah
Iran (Republik Islam),Risiko Rendah,Insidensi,2023,15136.696,102.52181,12.18407876445,94.34268259212183,Rendah
Kanada,Risiko Rendah,Insidensi,2023,15136.696,102.52181,5.44960953382,965.6502154182982,Tinggi
Azerbaijan,Risiko Rendah,Insidensi,2023,21310.738,124.84222,44.42632365564,161.71895588289308,Rendah
Vietnam,Risiko Rendah,Insidensi,2023,13545.935,320.1752,121.58008983927,142.42429989822588,Rendah
Jamaika,Risiko Rendah,Insidensi,2023,15136.696,102.52181,2.6164865606600003,218.26254632734017,Rendah
Srilanka,Risiko Rendah,Insidensi,2023,15136.696,102.52181,50.86361856778,92.09051365014484,Rendah
Kepulauan Mariana Utara,Risiko Rendah,Insidensi,2023,15136.696,102.52181,203.33408494918,133.8780598905708,Rendah
Niue,Risiko Rendah,Insidensi,2023,15136.696,7.080769,35.134673659069996,200.2362607519553,Rendah
Niger,Risiko Rendah,Insidensi,2023,1689.5642,20.65198,296.82650065667,500.0548436838272,Sedang
Luksemburg,Risiko Rendah,Insidensi,2023,15136.696,102.52181,5.2573195765800005,405.1027335290402,Sedang
Gambia,Risiko Rendah,Insidensi,2023,2963.5986,266.58557,168.86708661667,446.50925216749897,Sedang
Samoa Amerika,Risiko Rendah,Insidensi,2023,15136.696,102.52181,21.022593409400002,88.38052879049371,Rendah
Ukraina,Risiko Rendah,Insidensi,2023,15136.696,102.52181,69.70832131917,97.8785258947739,Rendah
Bermuda,Risiko Sedang,Insidensi,2023,103052.35,1198.537,2.76905064388,639.4816575714483,Sedang
Burundi,Risiko Rendah,Insidensi,2023,1036.1671,533.0785,319.4516699917,569.3826924561091,Sedang
Thailand,Risiko Rendah,Insidensi,2023,21191.453,140.34808,137.10027812887,202.15522685889374,Rendah
United States,Risiko Sedang,Insidensi,2023,74158.72,37.54909,2.56342399663,1037.695191737803,Tinggi
Rwanda,Risiko Rendah,Insidensi,2023,3062.999,565.64545,169.0826830424,472.7095393368584,Sedang
Afganistan,Risiko Rendah,Insidensi,2023,15136.696,102.52181,151.72491757769998,223.3836356587599,Rendah
Czechia,Risiko Sedang,Insidensi,2023,47558.41,140.0462,4.02987876088,698.307178344149,Tinggi
Republik Persatuan Tanzania,Risiko Rendah,Insidensi,2023,15136.696,102.52181,111.95924467751999,298.3957506556534,Sedang
Saint Lucia,Risiko Rendah,Insidensi,2023,23403.744,293.91968,2.0910939419,217.2018959287987,Rendah
Republik Demokrasi Kongo,Risiko Rendah,Insidensi,2023,15136.696,102.52181,383.07144351479,267.7168432865036,Rendah
Irak,Risiko Rendah,Insidensi,2023,15136.696,102.52181,31.508118067759998,213.95205093367477,Rendah
Burkina Faso,Risiko Rendah,Insidensi,2023,2486.2068,84.15854,88.75553145186001,325.5223783908792,Sedang
Sao Tome dan Principe,Risiko Rendah,Insidensi,2023,15136.696,102.52181,68.71105239102,196.96456890279597,Rendah
Yaman,Risiko Rendah,Insidensi,2023,15136.696,102.52181,25.128812168650004,215.63753532891317,Rendah
Palau,Risiko Rendah,Insidensi,2023,16425.973,38.58913,39.23528672633,202.13843327547917,Rendah
Belgium,Risiko Sedang,Insidensi,2023,63095.402,386.8194,5.90368418036,360.4584324719997,Sedang
Bahama,Risiko Rendah,Insidensi,2023,15136.696,102.52181,9.55063478768,165.12358139028774,Rendah
Norway,Risiko Sedang,Insidensi,2023,90085.44,15.151308,4.643847844690001,346.3303725515284,Sedang
Cabo Verde,Risiko Rendah,Insidensi,2023,15136.696,102.52181,58.17929475907,165.5964682672293,Rendah
San Marino,Risiko Sedang,Insidensi,2023,70951.79,562.68335,1.89151050257,371.60098299069426,Sedang
Mexico,Risiko Rendah,Insidensi,2023,21917.248,66.74027,19.40871581572,92.15896171236456,Rendah
Panama,Risiko Rendah,Insidensi,2023,35872.95,60.10728,33.18316577923,179.41896958475888,Rendah
Suriname,Risiko Rendah,Insidensi,2023,19020.867,4.031359,17.80395473272,183.74241641823767,Rendah
Malta,Risiko Sedang,Insidensi,2023,60418.395,1665.5125,7.77640106155,298.4571932646089,Sedang
Yordania,Risiko Rendah,Insidensi,2023,15136.696,102.52181,3.6674437238900004,282.19102875171563,Sedang
Kepulauan Cook,Risiko Rendah,Insidensi,2023,15136.696,102.52181,13.387183514790001,164.01605095811001,Rendah
Bangladesh,Risiko Sedang,Insidensi,2023,8242.398,1317.2543,152.67958586971,489.1687006853787,Sedang
Libanon,Risiko Rendah,Insidensi,2023,15136.696,102.52181,21.02190162819,159.25953059648117,Rendah
Georgia,Risiko Rendah,Insidensi,2023,22590.53,54.79197,44.93962781377,241.26282961491503,Rendah
Sierra Leone,Risiko Rendah,Insidensi,2023,3034.946,117.214226,290.83542434468,389.3243210874456,Sedang
Kamerun,Risiko Rendah,Insidensi,2023,15136.696,102.52181,158.13460414490999,311.1744560034381,Sedang
Seychelles,Risiko Rendah,Insidensi,2023,28635.355,278.1761,35.94618045307,91.91532442606871,Rendah
Guinea ekuator,Risiko Rendah,Insidensi,2023,15136.696,102.52181,150.08327813045,203.46351854823214,Rendah
Senegal,Risiko Rendah,Insidensi,2023,4304.7617,93.89484,139.79559242472,296.36626751729193,Sedang
Puerto Riko,Risiko Rendah,Insidensi,2023,15136.696,102.52181,2.3955451154,214.261681438374,Rendah
Kuwait,Risiko Sedang,Insidensi,2023,47777.402,271.53653,16.95387163387,514.9286249092736,Sedang
Hungaria,Risiko Rendah,Insidensi,2023,15136.696,102.52181,5.30143621597,159.44768856563618,Rendah
Komoro,Risiko Rendah,Insidensi,2023,15136.696,102.52181,149.6452893031,289.859126013392,Sedang
Gabon,Risiko Rendah,Insidensi,2023,18701.422,9.643304,219.3693902689,145.70098711125794,Rendah
Uganda,Risiko Rendah,Insidensi,2023,2791.0557,242.65213,128.07386532693,239.88397576622555,Rendah
Chad,Risiko Rendah,Insidensi,2023,2433.0989,15.34234,234.17696997068,548.4464114164832,Sedang
Saint Kitts dan Nevis,Risiko Rendah,Insidensi,2023,15136.696,102.52181,9.0999429059,169.40593779849937,Rendah
Somalia,Risiko Rendah,Insidensi,2023,1401.6473,29.26423,270.99099388698,778.0074867564227,Tinggi
Venezuela (Republik Bolivarian),Risiko Rendah,Insidensi,2023,15136.696,102.52181,30.85196232578,163.75818395930162,Rendah
Trinidad dan Tobago,Risiko Rendah,Insidensi,2023,15136.696,102.52181,9.94423384628,163.77754156503465,Rendah
Libya,Risiko Rendah,Insidensi,2023,12476.598,4.1520276,34.17136468491,213.85778476368046,Rendah
Togo,Risiko Rendah,Insidensi,2023,2842.2307,151.20157,162.82553774322,414.1227979655012,Sedang
Tokelau,Risiko Rendah,Insidensi,2023,15136.696,242.4,28.22738985334,177.39599311649556,Rendah
Portugal,Risiko Rendah,Insidensi,2023,41768.254,113.86569,12.69142860805,411.45814054332544,Sedang
Makedonia Utara,Risiko Rendah,Insidensi,2023,15136.696,102.52181,10.71654528514,218.57217683203942,Rendah
Siprus,Risiko Rendah,Insidensi,2023,15136.696,102.52181,3.9557122924,411.2089569816276,Sedang
Bhutan,Risiko Rendah,Insidensi,2023,14610.296,20.618406,120.67972540981,550.7969541596481,Sedang
Maroko,Risiko Rendah,Insidensi,2023,15136.696,102.52181,57.751631281849996,190.79394465099293,Rendah
Pantai Gading,Risiko Rendah,Insidensi,2023,15136.696,102.52181,154.07415576704,351.7901408455889,Sedang
Tuvalu,Risiko Rendah,Insidensi,2023,5812.3994,327.9,362.67304957064,383.7725758087379,Sedang
Zambia,Risiko Rendah,Insidensi,2023,3673.4841,27.877651,274.84104344595,370.6978508101027,Sedang
